mse,predictions,actual,best_params,MAE_Latitude,RMSE_Latitude,MAE_Longitude,RMSE_Longitude,Mean_Haversine_Distance,Median_Haversine_Distance
8122.64846351549,"[[  51.733746 -115.64779 ]
 [  51.734932 -115.650406]
 [  51.73708  -115.65334 ]
 ...
 [  52.023895 -115.72011 ]
 [  52.023895 -115.72011 ]
 [  52.023895 -115.72011 ]]","[[  51.726325  -115.6505417]
 [  51.7285592 -115.6513314]
 [  51.7325028 -115.6567214]
 ...
 [  51.7872953 -115.6356628]
 [  51.7875069 -115.6354481]
 [  51.7874036 -115.6357314]]","{'lr': 0.001, 'nodes': 256, 'layers': 3}",0.26579233607420705,0.27272370300410814,0.13860298049042497,0.15422256440057566,31.352598907726765,32.721575103594844
