mse,predictions,actual,best_params,MAE_Latitude,RMSE_Latitude,MAE_Longitude,RMSE_Longitude,Mean_Haversine_Distance,Median_Haversine_Distance
7821.34858447794,"[[  51.78312  -115.508545]
 [  51.781754 -115.50167 ]
 [  51.779865 -115.49692 ]
 ...
 [  52.97534  -111.26922 ]
 [  52.976925 -111.264275]
 [  52.97851  -111.25934 ]]","[[  51.788153 -115.492633]
 [  51.792648 -115.490487]
 [  51.794674 -115.48817 ]
 ...
 [  51.784426 -115.421682]
 [  51.784366 -115.421699]
 [  51.784414 -115.421589]]","{'lr': 0.001, 'nodes': 256, 'layers': 3}",0.5988292388555111,0.713672941305185,2.027796407411791,2.32367158222205,153.95446082547969,155.44061926410134
