mse,predictions,actual,best_params,MAE_Latitude,RMSE_Latitude,MAE_Longitude,RMSE_Longitude,Mean_Haversine_Distance,Median_Haversine_Distance
8030.709499989887,"[[  51.733612 -115.61639 ]
 [  51.732403 -115.61947 ]
 [  51.730995 -115.62262 ]
 ...
 [  51.70041  -115.64811 ]
 [  51.70041  -115.64811 ]
 [  51.70041  -115.64811 ]]","[[  51.7369392 -115.6127872]
 [  51.7378086 -115.6188442]
 [  51.7375644 -115.6191978]
 ...
 [  51.7481528 -115.6983978]
 [  51.7475714 -115.6995072]
 [  51.7518994 -115.6979919]]","{'lr': 0.001, 'nodes': 256, 'layers': 3}",0.07935422210527981,0.09612654387967498,0.12839641794150133,0.16041660367060603,12.759540474973457,9.951810309130355
