mse,predictions,actual,best_params,MAE_Latitude,RMSE_Latitude,MAE_Longitude,RMSE_Longitude,Mean_Haversine_Distance,Median_Haversine_Distance
8052.648751491966,"[[  51.914528 -115.37253 ]
 [  51.910805 -115.360596]
 [  51.903587 -115.3502  ]
 [  51.900154 -115.34325 ]
 [  51.89615  -115.33811 ]
 [  51.892365 -115.33447 ]
 [  51.889076 -115.33192 ]
 [  51.886005 -115.33033 ]
 [  51.882988 -115.329315]
 [  51.880108 -115.32876 ]
 [  51.877327 -115.32853 ]
 [  51.874596 -115.32854 ]
 [  51.871975 -115.32873 ]
 [  51.86945  -115.32904 ]
 [  51.867    -115.329445]
 [  51.86462  -115.32992 ]
 [  51.86233  -115.330444]
 [  51.860157 -115.33103 ]
 [  51.858078 -115.33165 ]]","[[  51.8842072 -115.3514025]
 [  51.7974219 -115.3579181]
 [  51.78627   -115.3496633]
 [  51.7457811 -115.3851939]
 [  51.7385081 -115.3993458]
 [  51.7118861 -115.3799564]
 [  51.7117653 -115.3793461]
 [  51.7086225 -115.3725219]
 [  51.7086119 -115.3723942]
 [  51.7147928 -115.3853028]
 [  51.7125603 -115.3812831]
 [  51.7107703 -115.3801153]
 [  51.6957728 -115.3217844]
 [  51.6772731 -115.3005525]
 [  51.6777728 -115.3008825]
 [  51.6625753 -115.3026642]
 [  51.6638328 -115.3006606]
 [  51.6639925 -115.2738619]
 [  51.6637267 -115.2741258]]","{'lr': 0.001, 'nodes': 256, 'layers': 5}",0.16448187543688234,0.16915923648457648,0.0369633582853616,0.04132069442106897,18.508626412150043,19.614752632569783
