mse,predictions,actual,best_params,MAE_Latitude,RMSE_Latitude,MAE_Longitude,RMSE_Longitude,Mean_Haversine_Distance,Median_Haversine_Distance
8082.611515439883,"[[  51.66072  -115.90382 ]
 [  51.66034  -115.9032  ]
 [  51.65994  -115.90239 ]
 ...
 [  51.653454 -115.87885 ]
 [  51.653454 -115.87885 ]
 [  51.653454 -115.87885 ]]","[[  51.6592317 -115.9064914]
 [  51.6561111 -115.9091156]
 [  51.65632   -115.9085464]
 ...
 [  51.6238025 -115.9308264]
 [  51.6344733 -115.9328094]
 [  51.6242111 -115.9314692]]","{'lr': 0.0001, 'nodes': 256, 'layers': 3}",0.04047807339054996,0.05745041414738569,0.1616944113273737,0.22719789466135554,12.987916445874106,7.832148199476093
