mse,predictions,actual,best_params,MAE_Latitude,RMSE_Latitude,MAE_Longitude,RMSE_Longitude,Mean_Haversine_Distance,Median_Haversine_Distance
8038.5113151566675,"[[  51.534565 -116.15503 ]
 [  51.53167  -116.14779 ]
 [  51.529186 -116.13953 ]
 ...
 [  51.56546  -115.68471 ]
 [  51.56546  -115.68471 ]
 [  51.56546  -115.68471 ]]","[[  51.5374994 -116.1623597]
 [  51.5374161 -116.1623417]
 [  51.5370017 -116.15876  ]
 ...
 [  51.6609867 -115.7866658]
 [  51.6690133 -115.7679517]
 [  51.6689381 -115.7678328]]","{'lr': 0.001, 'nodes': 256, 'layers': 3}",0.05129188089591359,0.07456459367016273,0.4010629709147685,0.43771143890766123,29.401202348012575,28.8635825026715
