mse,predictions,actual,best_params,MAE_Latitude,RMSE_Latitude,MAE_Longitude,RMSE_Longitude,Mean_Haversine_Distance,Median_Haversine_Distance
8034.029392606509,"[[  51.62549  -115.47239 ]
 [  51.62715  -115.46846 ]
 [  51.628273 -115.46487 ]
 ...
 [  51.55639  -115.14354 ]
 [  51.55639  -115.14354 ]
 [  51.55639  -115.14354 ]]","[[  51.640209 -115.467707]
 [  51.645859 -115.473146]
 [  51.645759 -115.472949]
 ...
 [  51.644949 -115.564538]
 [  51.640697 -115.570173]
 [  51.621556 -115.559339]]","{'lr': 0.001, 'nodes': 16, 'layers': 3}",0.08647516284761605,0.0970756769214662,0.4116053342890884,0.42116685782606633,30.38141530321634,30.240421232886913
