mse,predictions,actual,best_params,MAE_Latitude,RMSE_Latitude,MAE_Longitude,RMSE_Longitude,Mean_Haversine_Distance,Median_Haversine_Distance
8116.795974646442,"[[  51.80201  -115.641235]
 [  51.80265  -115.635025]
 [  51.80377  -115.629456]
 ...
 [  51.853874 -115.94573 ]
 [  51.853874 -115.94573 ]
 [  51.853874 -115.94573 ]]","[[  51.8010656 -115.6480433]
 [  51.8011078 -115.6480667]
 [  51.8013208 -115.6507192]
 ...
 [  51.7874111 -115.6359331]
 [  51.7873542 -115.635665 ]
 [  51.7875292 -115.6354694]]","{'lr': 0.001, 'nodes': 64, 'layers': 5}",0.08705051826048132,0.09783645476267669,0.2944064441837739,0.3175359132058469,22.677674892703028,26.278184654474078
