mse,predictions,actual,best_params,MAE_Latitude,RMSE_Latitude,MAE_Longitude,RMSE_Longitude,Mean_Haversine_Distance,Median_Haversine_Distance
8010.992290075397,"[[  51.165726 -115.677864]
 [  51.168125 -115.675896]
 [  51.170593 -115.67305 ]
 ...
 [  51.296295 -115.38268 ]
 [  51.296295 -115.38268 ]
 [  51.296295 -115.38268 ]]","[[  51.1686978 -115.6993069]
 [  51.1806189 -115.7244514]
 [  51.1997536 -115.7527278]
 ...
 [  51.1339683 -115.686495 ]
 [  51.1341239 -115.6862997]
 [  51.1372492 -115.6798625]]","{'lr': 0.001, 'nodes': 256, 'layers': 3}",0.1475580580325647,0.167733521206522,0.4568561748773212,0.494199044742609,37.35449180322451,34.19351016498608
