mse,predictions,actual,best_params,MAE_Latitude,RMSE_Latitude,MAE_Longitude,RMSE_Longitude,Mean_Haversine_Distance,Median_Haversine_Distance
8083.9600259569615,"[[  51.733894 -115.63926 ]
 [  51.7337   -115.63485 ]
 [  51.733562 -115.63073 ]
 ...
 [  51.690746 -115.53524 ]
 [  51.690746 -115.53524 ]
 [  51.690746 -115.53524 ]]","[[  51.726325  -115.6505417]
 [  51.7285592 -115.6513314]
 [  51.7325028 -115.6567214]
 ...
 [  51.7872953 -115.6356628]
 [  51.7875069 -115.6354481]
 [  51.7874036 -115.6357314]]","{'lr': 0.001, 'nodes': 128, 'layers': 3}",0.050300297718153836,0.05712002769971725,0.09136628969402617,0.12515555139540968,8.73789987810078,7.3801192852544215
