mse,predictions,actual,best_params,MAE_Latitude,RMSE_Latitude,MAE_Longitude,RMSE_Longitude,Mean_Haversine_Distance,Median_Haversine_Distance
8046.967951518058,"[[  51.78079  -115.51434 ]
 [  51.782566 -115.51566 ]
 [  51.78577  -115.51401 ]
 ...
 [  51.726303 -115.58078 ]
 [  51.726303 -115.58078 ]
 [  51.726303 -115.58078 ]]","[[  51.788153 -115.492633]
 [  51.792648 -115.490487]
 [  51.794674 -115.48817 ]
 ...
 [  51.784426 -115.421682]
 [  51.784366 -115.421699]
 [  51.784414 -115.421589]]","{'lr': 0.0001, 'nodes': 128, 'layers': 3}",0.03176005352119787,0.04852428891100214,0.20248981825163465,0.2318327241302495,14.672028283566112,13.687962104334623
