mse,predictions,actual,best_params,MAE_Latitude,RMSE_Latitude,MAE_Longitude,RMSE_Longitude,Mean_Haversine_Distance,Median_Haversine_Distance
8048.128150857772,"[[  51.600605 -115.62918 ]
 [  51.601357 -115.63147 ]
 [  51.602062 -115.6343  ]
 ...
 [  51.640743 -115.63781 ]
 [  51.640743 -115.63781 ]
 [  51.640743 -115.63781 ]]","[[  51.5993783 -115.6273431]
 [  51.5994014 -115.6272819]
 [  51.5996342 -115.6278761]
 ...
 [  51.5446164 -115.7317386]
 [  51.5446539 -115.7319833]
 [  51.5436356 -115.7267492]]","{'lr': 0.001, 'nodes': 256, 'layers': 5}",0.08957357291131149,0.13129587290733571,0.0678063163376564,0.08560676713268647,12.584795135572685,8.952685023509357
