mse,predictions,actual,best_params,MAE_Latitude,RMSE_Latitude,MAE_Longitude,RMSE_Longitude,Mean_Haversine_Distance,Median_Haversine_Distance
8075.218319164715,"[[  51.80362  -115.64744 ]
 [  51.806488 -115.6477  ]
 [  51.8098   -115.64793 ]
 ...
 [  51.859013 -115.55967 ]
 [  51.859013 -115.55967 ]
 [  51.859013 -115.55967 ]]","[[  51.8011078 -115.6480667]
 [  51.8013208 -115.6507192]
 [  51.8020328 -115.6529428]
 ...
 [  51.7874111 -115.6359331]
 [  51.7873542 -115.635665 ]
 [  51.7875292 -115.6354694]]","{'lr': 0.001, 'nodes': 128, 'layers': 3}",0.08968176912316363,0.1010848254024561,0.11391580635337076,0.1754350598351641,15.262822060556287,14.161874541298127
