mse,predictions,actual,best_params,MAE_Latitude,RMSE_Latitude,MAE_Longitude,RMSE_Longitude,Mean_Haversine_Distance,Median_Haversine_Distance
8031.8397235147395,"[[  51.739605 -115.6106  ]
 [  51.741234 -115.611176]
 [  51.743298 -115.61175 ]
 ...
 [  51.779144 -115.62386 ]
 [  51.779144 -115.62386 ]
 [  51.779144 -115.62386 ]]","[[  51.7369392 -115.6127872]
 [  51.7378086 -115.6188442]
 [  51.7375644 -115.6191978]
 ...
 [  51.7481528 -115.6983978]
 [  51.7475714 -115.6995072]
 [  51.7518994 -115.6979919]]","{'lr': 0.001, 'nodes': 64, 'layers': 3}",0.04842822289070386,0.05555484263784743,0.12257459851972091,0.16634953504522781,10.647069150485873,6.992462400011135
