mse,predictions,actual,best_params,MAE_Latitude,RMSE_Latitude,MAE_Longitude,RMSE_Longitude,Mean_Haversine_Distance,Median_Haversine_Distance
8053.980311344479,"[[  51.83562  -115.42519 ]
 [  51.812298 -115.4185  ]
 [  51.79385  -115.41303 ]
 [  51.776016 -115.40893 ]
 [  51.760574 -115.41168 ]
 [  51.7446   -115.42015 ]
 [  51.734524 -115.42245 ]
 [  51.72618  -115.42457 ]
 [  51.717587 -115.42548 ]
 [  51.70931  -115.42632 ]
 [  51.701126 -115.426   ]
 [  51.693695 -115.42407 ]
 [  51.687466 -115.421585]
 [  51.682034 -115.41899 ]
 [  51.677876 -115.41657 ]
 [  51.674644 -115.4144  ]
 [  51.67227  -115.412315]
 [  51.670544 -115.41028 ]
 [  51.6695   -115.4086  ]]","[[  51.8842072 -115.3514025]
 [  51.7974219 -115.3579181]
 [  51.78627   -115.3496633]
 [  51.7457811 -115.3851939]
 [  51.7385081 -115.3993458]
 [  51.7118861 -115.3799564]
 [  51.7117653 -115.3793461]
 [  51.7086225 -115.3725219]
 [  51.7086119 -115.3723942]
 [  51.7147928 -115.3853028]
 [  51.7125603 -115.3812831]
 [  51.7107703 -115.3801153]
 [  51.6957728 -115.3217844]
 [  51.6772731 -115.3005525]
 [  51.6777728 -115.3008825]
 [  51.6625753 -115.3026642]
 [  51.6638328 -115.3006606]
 [  51.6639925 -115.2738619]
 [  51.6637267 -115.2741258]]","{'lr': 0.001, 'nodes': 256, 'layers': 7}",0.015018020171153449,0.01899379655151333,0.07263957354029353,0.08191078385147127,5.590575283724216,4.481994721530178
