mse,predictions,actual,best_params,MAE_Latitude,RMSE_Latitude,MAE_Longitude,RMSE_Longitude,Mean_Haversine_Distance,Median_Haversine_Distance
8022.495583432058,"[[  51.654533 -115.87876 ]
 [  51.655125 -115.86271 ]
 [  51.6601   -115.846725]
 ...
 [  51.86722  -115.142166]
 [  51.86724  -115.1421  ]
 [  51.867264 -115.14203 ]]","[[  51.6680086 -115.8855778]
 [  51.6679531 -115.8588436]
 [  51.6631911 -115.8383003]
 ...
 [  51.6238025 -115.9308264]
 [  51.6344733 -115.9328094]
 [  51.6242111 -115.9314692]]","{'lr': 0.001, 'nodes': 256, 'layers': 5}",0.17512263801283692,0.1965661227856697,0.6786377320089608,0.7495880274177178,50.93399780592637,48.07211026820881
