mse,predictions,actual,best_params,MAE_Latitude,RMSE_Latitude,MAE_Longitude,RMSE_Longitude,Mean_Haversine_Distance,Median_Haversine_Distance
8033.998069387693,"[[  51.897636 -115.47341 ]
 [  51.90678  -115.48614 ]
 [  51.905804 -115.48911 ]
 ...
 [  51.78126  -115.47633 ]
 [  51.78126  -115.47633 ]
 [  51.78126  -115.47633 ]]","[[  51.895111 -115.458526]
 [  51.895192 -115.451705]
 [  51.895329 -115.451533]
 ...
 [  51.891727 -115.460463]
 [  51.941368 -115.403011]
 [  51.942048 -115.403079]]","{'lr': 0.001, 'nodes': 256, 'layers': 3}",0.060349814112386733,0.0698760800010277,0.08161946817107622,0.09642632882087573,9.25388110788619,9.620280279405105
