mse,predictions,actual,best_params,MAE_Latitude,RMSE_Latitude,MAE_Longitude,RMSE_Longitude,Mean_Haversine_Distance,Median_Haversine_Distance
8036.367783264217,"[[  51.19119  -115.77329 ]
 [  51.192135 -115.776596]
 [  51.19486  -115.77267 ]
 ...
 [  51.162777 -115.67895 ]
 [  51.162777 -115.67895 ]
 [  51.162777 -115.67895 ]]","[[  51.2259594 -115.7857789]
 [  51.2259242 -115.7855875]
 [  51.2246917 -115.7919414]
 ...
 [  51.1339683 -115.686495 ]
 [  51.1341239 -115.6862997]
 [  51.1372492 -115.6798625]]","{'lr': 0.001, 'nodes': 64, 'layers': 3}",0.0807850257943933,0.09641958163635006,0.21084275249452528,0.26264588718972887,18.35751820682223,19.911421502020637
