mse,predictions,actual,best_params,MAE_Latitude,RMSE_Latitude,MAE_Longitude,RMSE_Longitude,Mean_Haversine_Distance,Median_Haversine_Distance
0.0444100336144084,"[[  51.74393407 -115.5963663 ]
 [  51.74444952 -115.59565706]
 [  51.74509785 -115.59357968]
 ...
 [  51.55559433 -115.30281987]
 [  51.55499667 -115.30207195]
 [  51.5544138  -115.30133912]]","[[  51.7379292 -115.6194158]
 [  51.7377836 -115.6185531]
 [  51.7381394 -115.6188856]
 ...
 [  51.7481528 -115.6983978]
 [  51.7475714 -115.6995072]
 [  51.7518994 -115.6979919]]","{'lr': 0.0001, 'nodes': 128, 'layers': 3}",0.08812641155707886,0.11095609402136118,0.21898347348790545,0.27660226396098014,18.493117041820703,14.51017447546315
