mse,predictions,actual,best_params,MAE_Latitude,RMSE_Latitude,MAE_Longitude,RMSE_Longitude,Mean_Haversine_Distance,Median_Haversine_Distance
0.0046783954850779024,"[[  51.85591569 -115.46932957]
 [  51.87134447 -115.47439156]
 [  51.87571845 -115.47261898]
 ...
 [  51.74168766 -115.38642928]
 [  51.74168766 -115.38642925]
 [  51.74168766 -115.3864293 ]]","[[  51.895111 -115.458526]
 [  51.895192 -115.451705]
 [  51.895329 -115.451533]
 ...
 [  51.891727 -115.460463]
 [  51.941368 -115.403011]
 [  51.942048 -115.403079]]","{'lr': 0.0001, 'nodes': 128, 'layers': 5}",0.06127707792126754,0.0768987221433209,0.04261486905928093,0.05868029910353337,7.8582340498957715,6.468719203394577
