mse,predictions,actual,best_params,MAE_Latitude,RMSE_Latitude,MAE_Longitude,RMSE_Longitude,Mean_Haversine_Distance,Median_Haversine_Distance
0.01684142370178674,"[[  51.53727168 -116.1498905 ]
 [  51.53718735 -116.14998401]
 [  51.53694099 -116.15043443]
 ...
 [  51.53603844 -116.15149146]
 [  51.53603844 -116.15149146]
 [  51.53603844 -116.15149146]]","[[  51.5496203 -116.1598492]
 [  51.5503628 -116.1557106]
 [  51.5502456 -116.1557822]
 ...
 [  51.6609867 -115.7866658]
 [  51.6690133 -115.7679517]
 [  51.6689381 -115.7678328]]","{'lr': 1e-05, 'nodes': 128, 'layers': 3}",0.062242238881065566,0.08762097013882701,0.11376952874820237,0.16126193907895395,11.069627455545524,6.7366251482028625
