mse,predictions,actual,best_params,MAE_Latitude,RMSE_Latitude,MAE_Longitude,RMSE_Longitude,Mean_Haversine_Distance,Median_Haversine_Distance
0.00932548377101432,"[[  51.72294232 -115.47590879]
 [  51.72499073 -115.47352251]
 [  51.72689231 -115.47104651]
 ...
 [  51.73180953 -115.4384897 ]
 [  51.73180953 -115.4384897 ]
 [  51.73180953 -115.4384897 ]]","[[  51.794591 -115.487984]
 [  51.794501 -115.488023]
 [  51.794678 -115.488149]
 ...
 [  51.784426 -115.421682]
 [  51.784366 -115.421699]
 [  51.784414 -115.421589]]","{'lr': 1e-05, 'nodes': 128, 'layers': 3}",0.03263603395838009,0.050687438083531856,0.08933209972250158,0.12681384452242103,7.531840085933969,4.604390514249224
