mse,predictions,actual,best_params,MAE_Latitude,RMSE_Latitude,MAE_Longitude,RMSE_Longitude,Mean_Haversine_Distance,Median_Haversine_Distance
0.02831528758121322,"[[  51.66685752 -115.88546905]
 [  51.66680245 -115.88591615]
 [  51.66663153 -115.88657364]
 ...
 [  51.57091091 -116.09725212]
 [  51.5709105  -116.09725299]
 [  51.57091011 -116.09725386]]","[[  51.6680086 -115.8855778]
 [  51.6679531 -115.8588436]
 [  51.6631911 -115.8383003]
 ...
 [  51.6238025 -115.9308264]
 [  51.6344733 -115.9328094]
 [  51.6242111 -115.9314692]]","{'lr': 1e-05, 'nodes': 128, 'layers': 3}",0.06796979845247955,0.08125411350029818,0.2046379814875761,0.22367016833209374,16.46207719803567,17.126362251494804
