mse,predictions,actual,best_params,MAE_Latitude,RMSE_Latitude,MAE_Longitude,RMSE_Longitude,Mean_Haversine_Distance,Median_Haversine_Distance
0.044112324541386444,"[[  51.73231716 -115.60886229]
 [  51.73250694 -115.60864493]
 [  51.73248518 -115.60866978]
 ...
 [  51.53544814 -115.83443869]
 [  51.53544778 -115.83443915]
 [  51.53544737 -115.83443957]]","[[  51.7379186 -115.6187992]
 [  51.7377786 -115.6189464]
 [  51.7379292 -115.6194158]
 ...
 [  51.7481528 -115.6983978]
 [  51.7475714 -115.6995072]
 [  51.7518994 -115.6979919]]","{'lr': 1e-05, 'nodes': 128, 'layers': 3}",0.20666115690102724,0.22341883984439534,0.1729099924701356,0.19572601024227032,26.810026540897447,27.798096354040375
