mse,predictions,actual,best_params,MAE_Latitude,RMSE_Latitude,MAE_Longitude,RMSE_Longitude,Mean_Haversine_Distance,Median_Haversine_Distance
0.024041262268661014,"[[  51.63218104 -115.54763073]
 [  51.63224863 -115.54771818]
 [  51.63239376 -115.5477443 ]
 [  51.63259003 -115.54769826]
 [  51.63279803 -115.54761813]
 [  51.63299673 -115.54753313]
 [  51.63317613 -115.54745208]
 [  51.6333329  -115.54738752]
 [  51.63346098 -115.54735056]
 [  51.63355917 -115.5473431 ]
 [  51.63364545 -115.54732829]
 [  51.63371385 -115.54733231]
 [  51.63376436 -115.54735439]
 [  51.63379914 -115.54738928]
 [  51.63383436 -115.54743031]
 [  51.63386501 -115.54748872]]","[[  51.7457811 -115.3851939]
 [  51.7385081 -115.3993458]
 [  51.7118861 -115.3799564]
 [  51.7117653 -115.3793461]
 [  51.7086225 -115.3725219]
 [  51.7086119 -115.3723942]
 [  51.7147928 -115.3853028]
 [  51.7125603 -115.3812831]
 [  51.7107703 -115.3801153]
 [  51.6957728 -115.3217844]
 [  51.6772731 -115.3005525]
 [  51.6777728 -115.3008825]
 [  51.6625753 -115.3026642]
 [  51.6638328 -115.3006606]
 [  51.6639925 -115.2738619]
 [  51.6637267 -115.2741258]]","{'lr': 1e-05, 'nodes': 128, 'layers': 3}",0.06480530150116603,0.07000634971281487,0.20311299316048004,0.20780191418081087,16.224235219751307,16.254006824170325
