mse,predictions,actual,best_params,MAE_Latitude,RMSE_Latitude,MAE_Longitude,RMSE_Longitude,Mean_Haversine_Distance,Median_Haversine_Distance
0.0558577685035147,"[[  51.78575404 -115.62450538]
 [  51.78793498 -115.63283145]
 [  51.78982821 -115.64064447]
 ...
 [  51.72792083 -115.96014933]
 [  51.72792083 -115.96014933]
 [  51.72792083 -115.96014933]]","[[  51.8020769 -115.6531203]
 [  51.7748147 -115.6291528]
 [  51.7243781 -115.5950567]
 ...
 [  51.7874111 -115.6359331]
 [  51.7873542 -115.635665 ]
 [  51.7875292 -115.6354694]]","{'lr': 1e-05, 'nodes': 128, 'layers': 3}",0.04780774024885737,0.06767279861701402,0.30309755268576133,0.3273162527806561,23.060020770904806,23.980889191324117
