mse,predictions,actual,best_params,MAE_Latitude,RMSE_Latitude,MAE_Longitude,RMSE_Longitude,Mean_Haversine_Distance,Median_Haversine_Distance
8020.763985646471,"[[  51.79882  -115.427666]
 [  51.796894 -115.421074]
 [  51.79618  -115.419205]
 ...
 [  51.732597 -115.38682 ]
 [  51.7295   -115.37818 ]
 [  51.725563 -115.37014 ]]","[[  51.894794 -115.458582]
 [  51.895223 -115.458453]
 [  51.895111 -115.458526]
 ...
 [  51.891727 -115.460463]
 [  51.941368 -115.403011]
 [  51.942048 -115.403079]]","{'lr': 0.001, 'nodes': 128, 'layers': 3}",0.08253110657761056,0.10521859425968255,0.05122010512431385,0.06701095329777845,10.685313123526386,9.5038531242445
