mse,predictions,actual,best_params,MAE_Latitude,RMSE_Latitude,MAE_Longitude,RMSE_Longitude,Mean_Haversine_Distance,Median_Haversine_Distance
8079.879624137284,"[[  51.623337 -115.492874]
 [  51.62337  -115.49459 ]
 [  51.629696 -115.497765]
 ...
 [  51.6023   -115.537796]
 [  51.6023   -115.537796]
 [  51.6023   -115.537796]]","[[  51.645807 -115.472888]
 [  51.645833 -115.472906]
 [  51.645778 -115.472971]
 ...
 [  51.644949 -115.564538]
 [  51.640697 -115.570173]
 [  51.621556 -115.559339]]","{'lr': 0.0001, 'nodes': 256, 'layers': 3}",0.07613192191772465,0.10168109507814743,0.04966493456075947,0.06794645460582058,9.850284518562669,6.4995663291692125
