mse,predictions,actual,best_params,MAE_Latitude,RMSE_Latitude,MAE_Longitude,RMSE_Longitude,Mean_Haversine_Distance,Median_Haversine_Distance
8033.452944724589,"[[  51.593964 -115.62345 ]
 [  51.591156 -115.61966 ]
 [  51.587322 -115.616486]
 ...
 [  51.504227 -115.57242 ]
 [  51.50424  -115.57143 ]
 [  51.50429  -115.57043 ]]","[[  51.5994453 -115.6267678]
 [  51.5993436 -115.6272653]
 [  51.5994044 -115.6272939]
 ...
 [  51.5446164 -115.7317386]
 [  51.5446539 -115.7319833]
 [  51.5436356 -115.7267492]]","{'lr': 0.0001, 'nodes': 256, 'layers': 3}",0.10729431490330332,0.1215823780167633,0.08485676738833416,0.10807530040381477,14.082655902034656,13.981653602513218
