mse,predictions,actual,best_params,MAE_Latitude,RMSE_Latitude,MAE_Longitude,RMSE_Longitude,Mean_Haversine_Distance,Median_Haversine_Distance
8088.6282875485485,"[[  51.727577 -115.64506 ]
 [  51.7291   -115.64205 ]
 [  51.728504 -115.63761 ]
 ...
 [  51.723896 -115.55558 ]
 [  51.723896 -115.55558 ]
 [  51.723896 -115.55558 ]]","[[  51.7350386 -115.6605586]
 [  51.7368622 -115.6621897]
 [  51.7413983 -115.6620075]
 ...
 [  51.7872953 -115.6356628]
 [  51.7875069 -115.6354481]
 [  51.7874036 -115.6357314]]","{'lr': 0.001, 'nodes': 128, 'layers': 5}",0.0238617228726071,0.03499331147711042,0.07457189752549008,0.10942227400482808,6.065769652666892,4.294207406583653
