mse,predictions,actual,best_params,MAE_Latitude,RMSE_Latitude,MAE_Longitude,RMSE_Longitude,Mean_Haversine_Distance,Median_Haversine_Distance
0.009161558547376665,"[[  51.76095142 -115.44710339]
 [  51.76197915 -115.44369173]
 [  51.76242026 -115.43958595]
 ...
 [  51.7781622  -115.3921009 ]
 [  51.7781622  -115.3921009 ]
 [  51.77816223 -115.39210089]]","[[  51.794591 -115.487984]
 [  51.794501 -115.488023]
 [  51.794678 -115.488149]
 ...
 [  51.784426 -115.421682]
 [  51.784366 -115.421699]
 [  51.784414 -115.421589]]","{'lr': 1e-05, 'nodes': 128, 'layers': 3}",0.0652380764535458,0.07777882170042127,0.06775901628197212,0.11078615432285481,9.414454123043072,7.173506485226071
