mse,predictions,actual,best_params,MAE_Latitude,RMSE_Latitude,MAE_Longitude,RMSE_Longitude,Mean_Haversine_Distance,Median_Haversine_Distance
0.019470364817713585,"[[  51.69862218 -115.58622209]
 [  51.70245457 -115.58365053]
 [  51.70622882 -115.58331925]
 ...
 [  51.73237521 -115.57341371]
 [  51.73237518 -115.57341371]
 [  51.73237521 -115.57341367]]","[[  51.645807 -115.472888]
 [  51.645833 -115.472906]
 [  51.645778 -115.472971]
 ...
 [  51.644949 -115.564538]
 [  51.640697 -115.570173]
 [  51.621556 -115.559339]]","{'lr': 1e-05, 'nodes': 128, 'layers': 3}",0.16099073409215023,0.1885790941942397,0.04586029117102103,0.05812619777954864,18.38865504045134,14.643415288632498
