mse,predictions,actual,best_params,MAE_Latitude,RMSE_Latitude,MAE_Longitude,RMSE_Longitude,Mean_Haversine_Distance,Median_Haversine_Distance
0.02600498099976143,"[[  51.66469015 -115.8946572 ]
 [  51.66372514 -115.89684146]
 [  51.66293689 -115.89864856]
 ...
 [  51.66121296 -115.90282841]
 [  51.66121293 -115.90282841]
 [  51.66121293 -115.90282846]]","[[  51.6680086 -115.8855778]
 [  51.6679531 -115.8588436]
 [  51.6631911 -115.8383003]
 ...
 [  51.6238025 -115.9308264]
 [  51.6344733 -115.9328094]
 [  51.6242111 -115.9314692]]","{'lr': 1e-05, 'nodes': 128, 'layers': 5}",0.039015167030566615,0.05929828649130298,0.1666580794676722,0.22021279531107685,13.315001978220282,9.333096728197459
