mse,predictions,actual,best_params,MAE_Latitude,RMSE_Latitude,MAE_Longitude,RMSE_Longitude,Mean_Haversine_Distance,Median_Haversine_Distance
0.02674998403415904,"[[  51.17148412 -115.70598209]
 [  51.1739198  -115.71174854]
 [  51.17565032 -115.7152513 ]
 ...
 [  51.23440582 -115.85636759]
 [  51.23440582 -115.8563678 ]
 [  51.23440582 -115.85636808]]","[[  51.224965  -115.7855097]
 [  51.2259767 -115.7855211]
 [  51.2259594 -115.7857789]
 ...
 [  51.1339683 -115.686495 ]
 [  51.1341239 -115.6862997]
 [  51.1372492 -115.6798625]]","{'lr': 0.0001, 'nodes': 128, 'layers': 3}",0.10604248918123908,0.1240393838159486,0.17953229346448035,0.19522858225904804,17.578426684422414,19.588576297936054
