mse,predictions,actual,best_params,MAE_Latitude,RMSE_Latitude,MAE_Longitude,RMSE_Longitude,Mean_Haversine_Distance,Median_Haversine_Distance
0.05894591199122762,"[[  51.54823824 -116.10226985]
 [  51.54909726 -116.09723189]
 [  51.5509077  -116.08893927]
 ...
 [  51.63803552 -115.82384582]
 [  51.63803552 -115.82384582]
 [  51.63803552 -115.82384582]]","[[  51.5496203 -116.1598492]
 [  51.5503628 -116.1557106]
 [  51.5502456 -116.1557822]
 ...
 [  51.6609867 -115.7866658]
 [  51.6690133 -115.7679517]
 [  51.6689381 -115.7678328]]","{'lr': 0.0001, 'nodes': 128, 'layers': 3}",0.07086595546375637,0.08302372977110503,0.2968737586708915,0.33316495055355044,22.820473867520494,22.650375350404843
