mse,predictions,actual,best_params,MAE_Latitude,RMSE_Latitude,MAE_Longitude,RMSE_Longitude,Mean_Haversine_Distance,Median_Haversine_Distance
0.02875648256286544,"[[  51.59727851 -115.61799075]
 [  51.59694318 -115.6143048 ]
 [  51.59661404 -115.60960794]
 ...
 [  51.34826792 -115.54112782]
 [  51.34826791 -115.54112782]
 [  51.34826791 -115.54112782]]","[[  51.5994453 -115.6267678]
 [  51.5993436 -115.6272653]
 [  51.5994044 -115.6272939]
 ...
 [  51.5446164 -115.7317386]
 [  51.5446539 -115.7319833]
 [  51.5436356 -115.7267492]]","{'lr': 0.0001, 'nodes': 128, 'layers': 3}",0.18719233580953634,0.21310294543887398,0.0899256193282577,0.11000045350364313,22.758570936149106,27.08554010017453
