mse,predictions,actual,best_params,MAE_Latitude,RMSE_Latitude,MAE_Longitude,RMSE_Longitude,Mean_Haversine_Distance,Median_Haversine_Distance
0.030848132127013525,"[[  51.80016628 -115.64215711]
 [  51.79968021 -115.64041314]
 [  51.79902194 -115.63785465]
 ...
 [  51.68580752 -115.47794594]
 [  51.68580753 -115.47794594]
 [  51.68580753 -115.47794594]]","[[  51.8020769 -115.6531203]
 [  51.7748147 -115.6291528]
 [  51.7243781 -115.5950567]
 ...
 [  51.7874111 -115.6359331]
 [  51.7873542 -115.635665 ]
 [  51.7875292 -115.6354694]]","{'lr': 0.0001, 'nodes': 128, 'layers': 3}",0.08196917221769728,0.0977898541339471,0.1785811954979181,0.2283274155297353,15.768004176005777,10.968766166051141
