mse,predictions,actual,best_params,MAE_Latitude,RMSE_Latitude,MAE_Longitude,RMSE_Longitude,Mean_Haversine_Distance,Median_Haversine_Distance
0.019338965449377403,"[[  51.74073367 -115.59209416]
 [  51.74030873 -115.59263349]
 [  51.74005063 -115.59295656]
 ...
 [  51.7535991  -115.57677894]
 [  51.75359914 -115.57677898]
 [  51.75359914 -115.57677898]]","[[  51.7379186 -115.6187992]
 [  51.7377786 -115.6189464]
 [  51.7379292 -115.6194158]
 ...
 [  51.7481528 -115.6983978]
 [  51.7475714 -115.6995072]
 [  51.7518994 -115.6979919]]","{'lr': 1e-05, 'nodes': 128, 'layers': 5}",0.04508427869527957,0.06179140403986271,0.12775095387734314,0.18670766798805363,10.40160926366497,4.616202538906053
