mse,predictions,actual,best_params,MAE_Latitude,RMSE_Latitude,MAE_Longitude,RMSE_Longitude,Mean_Haversine_Distance,Median_Haversine_Distance
0.024955668317952668,"[[  51.22025658 -115.78367704]
 [  51.22144867 -115.78504095]
 [  51.22294844 -115.78752643]
 ...
 [  51.216262   -115.8242498 ]
 [  51.216262   -115.8242498 ]
 [  51.216262   -115.8242498 ]]","[[  51.224965  -115.7855097]
 [  51.2259767 -115.7855211]
 [  51.2259594 -115.7857789]
 ...
 [  51.1339683 -115.686495 ]
 [  51.1341239 -115.6862997]
 [  51.1372492 -115.6798625]]","{'lr': 1e-05, 'nodes': 128, 'layers': 3}",0.09418258164250393,0.11162049093632266,0.17549427309079663,0.19352571570476013,16.530442118500687,18.766735022158574
