mse,predictions,actual,best_params,MAE_Latitude,RMSE_Latitude,MAE_Longitude,RMSE_Longitude,Mean_Haversine_Distance,Median_Haversine_Distance
0.025223921525063052,"[[  51.54854046 -116.07670213]
 [  51.54915145 -116.07507957]
 [  51.55046067 -116.07164407]
 ...
 [  51.58659421 -115.98248782]
 [  51.58659421 -115.98248782]
 [  51.58659421 -115.98248782]]","[[  51.5496203 -116.1598492]
 [  51.5503628 -116.1557106]
 [  51.5502456 -116.1557822]
 ...
 [  51.6609867 -115.7866658]
 [  51.6690133 -115.7679517]
 [  51.6689381 -115.7678328]]","{'lr': 1e-05, 'nodes': 128, 'layers': 3}",0.054810343612764906,0.0699083153131555,0.18915814636454553,0.2134494565469833,15.341786846762266,12.544567291194596
