mse,predictions,actual,best_params,MAE_Latitude,RMSE_Latitude,MAE_Longitude,RMSE_Longitude,Mean_Haversine_Distance,Median_Haversine_Distance
0.019768161666593648,"[[  51.62815572 -115.48417222]
 [  51.62962143 -115.48268381]
 [  51.63070288 -115.48299589]
 ...
 [  51.72040113 -115.49985929]
 [  51.7204011  -115.49985929]
 [  51.72040113 -115.49985929]]","[[  51.645807 -115.472888]
 [  51.645833 -115.472906]
 [  51.645778 -115.472971]
 ...
 [  51.644949 -115.564538]
 [  51.640697 -115.570173]
 [  51.621556 -115.559339]]","{'lr': 0.0001, 'nodes': 64, 'layers': 3}",0.14247064598769338,0.17624802197646486,0.0739805191223778,0.09204867235637272,17.039192151589315,12.789778191331154
