mse,predictions,actual,best_params,MAE_Latitude,RMSE_Latitude,MAE_Longitude,RMSE_Longitude,Mean_Haversine_Distance,Median_Haversine_Distance
0.06319497663459636,"[[  51.6651215  -115.8947398 ]
 [  51.66491902 -115.89407675]
 [  51.66539944 -115.89177399]
 ...
 [  51.72838486 -115.67976119]
 [  51.72838602 -115.67975751]
 [  51.72838721 -115.67975389]]","[[  51.6680086 -115.8855778]
 [  51.6679531 -115.8588436]
 [  51.6631911 -115.8383003]
 ...
 [  51.6238025 -115.9308264]
 [  51.6344733 -115.9328094]
 [  51.6242111 -115.9314692]]","{'lr': 0.0001, 'nodes': 128, 'layers': 3}",0.07986321447810882,0.09658788585516036,0.25354781616281913,0.34214139412708183,20.29718687067309,11.808962008939748
