mse,predictions,actual,best_params,MAE_Latitude,RMSE_Latitude,MAE_Longitude,RMSE_Longitude,Mean_Haversine_Distance,Median_Haversine_Distance
0.023864885125061644,"[[  51.63461652 -115.54656023]
 [  51.6346109  -115.54648754]
 [  51.63459572 -115.54646131]
 [  51.6345542  -115.54649866]
 [  51.63448927 -115.54659563]
 [  51.63442081 -115.54673244]
 [  51.63436818 -115.54687232]
 [  51.63433167 -115.54699473]
 [  51.63430515 -115.54709755]
 [  51.6342839  -115.54717955]
 [  51.63426466 -115.54724326]
 [  51.63424835 -115.54729814]
 [  51.63423653 -115.54734955]
 [  51.63422497 -115.54739694]
 [  51.63421432 -115.54743956]
 [  51.63420754 -115.54747436]]","[[  51.7457811 -115.3851939]
 [  51.7385081 -115.3993458]
 [  51.7118861 -115.3799564]
 [  51.7117653 -115.3793461]
 [  51.7086225 -115.3725219]
 [  51.7086119 -115.3723942]
 [  51.7147928 -115.3853028]
 [  51.7125603 -115.3812831]
 [  51.7107703 -115.3801153]
 [  51.6957728 -115.3217844]
 [  51.6772731 -115.3005525]
 [  51.6777728 -115.3008825]
 [  51.6625753 -115.3026642]
 [  51.6638328 -115.3006606]
 [  51.6639925 -115.2738619]
 [  51.6637267 -115.2741258]]","{'lr': 1e-05, 'nodes': 128, 'layers': 5}",0.06364198237193763,0.06868641571001739,0.20260564828901906,0.2073932172155926,16.123290387857082,16.0013779763254
