mse,predictions,actual,best_params,MAE_Latitude,RMSE_Latitude,MAE_Longitude,RMSE_Longitude,Mean_Haversine_Distance,Median_Haversine_Distance
0.00855752417026383,"[[  51.58531839 -115.62818141]
 [  51.58478308 -115.62827614]
 [  51.58378557 -115.62841737]
 ...
 [  51.55798086 -115.63825808]
 [  51.55798086 -115.63825808]
 [  51.55798086 -115.63825809]]","[[  51.5994453 -115.6267678]
 [  51.5993436 -115.6272653]
 [  51.5994044 -115.6272939]
 ...
 [  51.5446164 -115.7317386]
 [  51.5446539 -115.7319833]
 [  51.5436356 -115.7267492]]","{'lr': 1e-05, 'nodes': 128, 'layers': 3}",0.07874668832739432,0.09869586922923888,0.06786253239813904,0.08587300936622998,10.677891555110138,10.737834851683099
