mse,predictions,actual,best_params,MAE_Latitude,RMSE_Latitude,MAE_Longitude,RMSE_Longitude,Mean_Haversine_Distance,Median_Haversine_Distance
8080.247276188806,"[[  51.812218 -115.6392  ]
 [  51.818584 -115.639305]
 [  51.823994 -115.64222 ]
 ...
 [  51.78313  -115.528404]
 [  51.78724  -115.52875 ]
 [  51.79167  -115.529686]]","[[  51.8020769 -115.6531203]
 [  51.7748147 -115.6291528]
 [  51.7243781 -115.5950567]
 ...
 [  51.7874111 -115.6359331]
 [  51.7873542 -115.635665 ]
 [  51.7875292 -115.6354694]]","{'lr': 0.001, 'nodes': 128, 'layers': 3}",0.06880985456888088,0.08293870931836754,0.1444150621212082,0.18953520834304707,13.556344764650728,11.542272727636458
