mse,predictions,actual,best_params,MAE_Latitude,RMSE_Latitude,MAE_Longitude,RMSE_Longitude,Mean_Haversine_Distance,Median_Haversine_Distance
8057.417448960732,"[[  51.178818 -115.72257 ]
 [  51.18361  -115.728264]
 [  51.186317 -115.732704]
 ...
 [  51.312874 -115.77014 ]
 [  51.313145 -115.77331 ]
 [  51.313377 -115.776405]]","[[  51.224965  -115.7855097]
 [  51.2259767 -115.7855211]
 [  51.2259594 -115.7857789]
 ...
 [  51.1339683 -115.686495 ]
 [  51.1341239 -115.6862997]
 [  51.1372492 -115.6798625]]","{'lr': 0.001, 'nodes': 256, 'layers': 3}",0.16406378127084872,0.19280655517664227,0.17297427109524452,0.21400162077149656,23.44099205743388,23.700926332803906
