mse,predictions,actual,best_params,MAE_Latitude,RMSE_Latitude,MAE_Longitude,RMSE_Longitude,Mean_Haversine_Distance,Median_Haversine_Distance
8080.32962844,"[[  51.541195 -116.14984 ]
 [  51.542072 -116.140144]
 [  51.54614  -116.13088 ]
 ...
 [  51.72862  -116.03865 ]
 [  51.72862  -116.03865 ]
 [  51.728615 -116.03865 ]]","[[  51.5496203 -116.1598492]
 [  51.5503628 -116.1557106]
 [  51.5502456 -116.1557822]
 ...
 [  51.6609867 -115.7866658]
 [  51.6690133 -115.7679517]
 [  51.6689381 -115.7678328]]","{'lr': 0.001, 'nodes': 128, 'layers': 3}",0.13246065203085144,0.14792093219745064,0.17358331695614784,0.19716672564149001,20.634293166886966,21.17213128327819
