mse,predictions,actual,best_params,MAE_Latitude,RMSE_Latitude,MAE_Longitude,RMSE_Longitude,Mean_Haversine_Distance,Median_Haversine_Distance
8018.468830825781,"[[  51.742535 -115.608475]
 [  51.743683 -115.6041  ]
 [  51.746716 -115.599434]
 ...
 [  51.772827 -115.50775 ]
 [  51.772827 -115.50775 ]
 [  51.772827 -115.50775 ]]","[[  51.7379186 -115.6187992]
 [  51.7377786 -115.6189464]
 [  51.7379292 -115.6194158]
 ...
 [  51.7481528 -115.6983978]
 [  51.7475714 -115.6995072]
 [  51.7518994 -115.6979919]]","{'lr': 0.0001, 'nodes': 256, 'layers': 7}",0.046765993730057256,0.05652384159770108,0.16512861748949068,0.22899921497522138,12.962613141737249,8.171308927563782
