mse,predictions,actual,best_params,MAE_Latitude,RMSE_Latitude,MAE_Longitude,RMSE_Longitude,Mean_Haversine_Distance,Median_Haversine_Distance
8048.707573000032,"[[  51.765587 -115.35379 ]
 [  51.756535 -115.34996 ]
 [  51.75379  -115.33387 ]
 [  51.7719   -115.331116]
 [  51.75081  -115.35234 ]
 [  51.74162  -115.34398 ]
 [  51.747772 -115.32814 ]
 [  51.741783 -115.33933 ]
 [  51.72615  -115.34906 ]
 [  51.722626 -115.35092 ]
 [  51.72933  -115.336525]
 [  51.719074 -115.33717 ]
 [  51.736515 -115.331375]
 [  51.74338  -115.32325 ]
 [  51.7467   -115.319954]
 [  51.74749  -115.32034 ]]","[[  51.7457811 -115.3851939]
 [  51.7385081 -115.3993458]
 [  51.7118861 -115.3799564]
 [  51.7117653 -115.3793461]
 [  51.7086225 -115.3725219]
 [  51.7086119 -115.3723942]
 [  51.7147928 -115.3853028]
 [  51.7125603 -115.3812831]
 [  51.7107703 -115.3801153]
 [  51.6957728 -115.3217844]
 [  51.6772731 -115.3005525]
 [  51.6777728 -115.3008825]
 [  51.6625753 -115.3026642]
 [  51.6638328 -115.3006606]
 [  51.6639925 -115.2738619]
 [  51.6637267 -115.2741258]]","{'lr': 0.0001, 'nodes': 256, 'layers': 3}",0.04580110073242194,0.051189226396753607,0.03743004912719794,0.038840145578313195,5.861924219921604,5.304763361056873
