mse,predictions,actual,best_params,MAE_Latitude,RMSE_Latitude,MAE_Longitude,RMSE_Longitude,Mean_Haversine_Distance,Median_Haversine_Distance
0.005008029188087449,"[[  51.79346024 -115.42791851]
 [  51.79544468 -115.42964199]
 [  51.79623746 -115.43025855]
 ...
 [  51.80207854 -115.4328064 ]
 [  51.80207854 -115.4328064 ]
 [  51.80207854 -115.43280638]]","[[  51.894794 -115.458582]
 [  51.895223 -115.458453]
 [  51.895111 -115.458526]
 ...
 [  51.891727 -115.460463]
 [  51.941368 -115.403011]
 [  51.942048 -115.403079]]","{'lr': 0.0001, 'nodes': 256, 'layers': 3}",0.06328451897564237,0.07481119219995888,0.049822191593127334,0.06647814601653473,8.136433878232534,9.819637279311166
