mse,predictions,actual,best_params,MAE_Latitude,RMSE_Latitude,MAE_Longitude,RMSE_Longitude,Mean_Haversine_Distance,Median_Haversine_Distance
0.04425053278622168,"[[  51.73741182 -115.59355996]
 [  51.7369132  -115.59194398]
 [  51.73611726 -115.58866079]
 ...
 [  51.6814033  -115.44034225]
 [  51.68140294 -115.44034176]
 [  51.68140266 -115.44034127]]","[[  51.7379186 -115.6187992]
 [  51.7377786 -115.6189464]
 [  51.7379292 -115.6194158]
 ...
 [  51.7481528 -115.6983978]
 [  51.7475714 -115.6995072]
 [  51.7518994 -115.6979919]]","{'lr': 0.0001, 'nodes': 256, 'layers': 3}",0.09236829709117331,0.10850299625954948,0.22294405219002425,0.2769984934528409,18.85931872426723,12.334437523489559
