mse,predictions,actual,best_params,MAE_Latitude,RMSE_Latitude,MAE_Longitude,RMSE_Longitude,Mean_Haversine_Distance,Median_Haversine_Distance
0.07808772631777616,"[[  51.60455667 -115.62222474]
 [  51.60642807 -115.61958042]
 [  51.60901504 -115.61612498]
 ...
 [  51.9335934  -115.54847114]
 [  51.9335933  -115.54847131]
 [  51.93359321 -115.54847148]]","[[  51.5994453 -115.6267678]
 [  51.5993436 -115.6272653]
 [  51.5994044 -115.6272939]
 ...
 [  51.5446164 -115.7317386]
 [  51.5446539 -115.7319833]
 [  51.5436356 -115.7267492]]","{'lr': 0.0001, 'nodes': 256, 'layers': 3}",0.36263616914288677,0.3826163224070617,0.08180978507441287,0.09889490615419877,40.959141849483565,38.0873989483584
