mse,predictions,actual,best_params,MAE_Latitude,RMSE_Latitude,MAE_Longitude,RMSE_Longitude,Mean_Haversine_Distance,Median_Haversine_Distance
0.02533527174588951,"[[  51.6563353  -115.92176561]
 [  51.65537322 -115.92361059]
 [  51.6544983  -115.92577775]
 ...
 [  51.60964129 -116.02333428]
 [  51.60964128 -116.02333428]
 [  51.60964128 -116.0233343 ]]","[[  51.6680086 -115.8855778]
 [  51.6679531 -115.8588436]
 [  51.6631911 -115.8383003]
 ...
 [  51.6238025 -115.9308264]
 [  51.6344733 -115.9328094]
 [  51.6242111 -115.9314692]]","{'lr': 0.0001, 'nodes': 256, 'layers': 3}",0.05346629000142282,0.06428741489406062,0.19667805247740028,0.21572591818791262,15.66253637519165,15.104595917011581
