mse,predictions,actual,best_params,MAE_Latitude,RMSE_Latitude,MAE_Longitude,RMSE_Longitude,Mean_Haversine_Distance,Median_Haversine_Distance
0.08139679064180377,"[[  51.17167923 -115.70114645]
 [  51.17378395 -115.70478658]
 [  51.1745242  -115.70476021]
 ...
 [  51.22055809 -115.49753524]
 [  51.22055832 -115.49753446]
 [  51.22055857 -115.49753369]]","[[  51.224965  -115.7855097]
 [  51.2259767 -115.7855211]
 [  51.2259594 -115.7857789]
 ...
 [  51.1339683 -115.686495 ]
 [  51.1341239 -115.6862997]
 [  51.1372492 -115.6798625]]","{'lr': 0.0001, 'nodes': 256, 'layers': 3}",0.09882987784100584,0.11661209345169678,0.33944596992590037,0.38625794612463377,27.58969018027071,25.830467600747557
