mse,predictions,actual,best_params,MAE_Latitude,RMSE_Latitude,MAE_Longitude,RMSE_Longitude,Mean_Haversine_Distance,Median_Haversine_Distance
0.2079248658586871,"[[  50.98990427 -115.37523507]
 [  51.01158626 -115.41008602]
 [  51.03621527 -115.45054358]
 ...
 [  51.09276802 -115.61583022]
 [  51.09276802 -115.61583013]
 [  51.09276802 -115.61583013]]","[[  50.9091091 -115.132061 ]
 [  50.9091147 -115.132061 ]
 [  50.9090846 -115.1320316]
 ...
 [  50.6466641 -115.0645022]
 [  50.6502302 -115.0668792]
 [  50.6502526 -115.0669277]]","{'lr': 0.0001, 'nodes': 256, 'layers': 3}",0.3780799442633807,0.38590005741875466,0.5149277009556742,0.5166535371035178,55.64111297423162,57.245282012976126
