mse,predictions,actual,best_params,MAE_Latitude,RMSE_Latitude,MAE_Longitude,RMSE_Longitude,Mean_Haversine_Distance,Median_Haversine_Distance
0.10009841506450148,"[[  51.62525778 -115.49091386]
 [  51.62700246 -115.49017224]
 [  51.62791651 -115.49087668]
 ...
 [  51.83669116 -116.04153444]
 [  51.83669116 -116.04153444]
 [  51.83669113 -116.04153444]]","[[  51.645807 -115.472888]
 [  51.645833 -115.472906]
 [  51.645778 -115.472971]
 ...
 [  51.644949 -115.564538]
 [  51.640697 -115.570173]
 [  51.621556 -115.559339]]","{'lr': 0.0001, 'nodes': 256, 'layers': 3}",0.23642960155261042,0.26795728604733343,0.29682514245346764,0.358323489298637,34.77478144034217,38.40235460425903
