mse,predictions,actual,best_params,MAE_Latitude,RMSE_Latitude,MAE_Longitude,RMSE_Longitude,Mean_Haversine_Distance,Median_Haversine_Distance
0.022694102108734425,"[[  51.80305047 -115.63832215]
 [  51.80316398 -115.63612971]
 [  51.80335286 -115.63305857]
 ...
 [  51.71405569 -115.51909283]
 [  51.71405569 -115.51909278]
 [  51.71405569 -115.51909283]]","[[  51.8020769 -115.6531203]
 [  51.7748147 -115.6291528]
 [  51.7243781 -115.5950567]
 ...
 [  51.7874111 -115.6359331]
 [  51.7873542 -115.635665 ]
 [  51.7875292 -115.6354694]]","{'lr': 0.0001, 'nodes': 256, 'layers': 3}",0.05600475075594155,0.07514448534325102,0.14067230777807277,0.19935272895038783,12.093937438053597,7.1496477468165045
