mse,predictions,actual,best_params,MAE_Latitude,RMSE_Latitude,MAE_Longitude,RMSE_Longitude,Mean_Haversine_Distance,Median_Haversine_Distance
0.014661876944931209,"[[  51.65471904 -115.45224171]
 [  51.6540273  -115.45634629]
 [  51.65255505 -115.46358411]
 [  51.65071318 -115.47197012]
 [  51.64884671 -115.48017515]
 [  51.64716252 -115.48751821]
 [  51.64575995 -115.49377468]
 [  51.64463745 -115.49895432]
 [  51.64375575 -115.5031688 ]
 [  51.64307136 -115.50655894]
 [  51.6425441  -115.50927018]
 [  51.64213491 -115.51142764]
 [  51.64181545 -115.51313594]
 [  51.64156638 -115.51448699]
 [  51.64137095 -115.51555783]
 [  51.64121765 -115.51640556]]","[[  51.7457811 -115.3851939]
 [  51.7385081 -115.3993458]
 [  51.7118861 -115.3799564]
 [  51.7117653 -115.3793461]
 [  51.7086225 -115.3725219]
 [  51.7086119 -115.3723942]
 [  51.7147928 -115.3853028]
 [  51.7125603 -115.3812831]
 [  51.7107703 -115.3801153]
 [  51.6957728 -115.3217844]
 [  51.6772731 -115.3005525]
 [  51.6777728 -115.3008825]
 [  51.6625753 -115.3026642]
 [  51.6638328 -115.3006606]
 [  51.6639925 -115.2738619]
 [  51.6637267 -115.2741258]]","{'lr': 0.0001, 'nodes': 256, 'layers': 3}",0.052021665632182135,0.056510380293609344,0.14903656630475126,0.1616487884548909,12.52090641220305,11.21121355579965
