mse,predictions,actual,best_params,MAE_Latitude,RMSE_Latitude,MAE_Longitude,RMSE_Longitude,Mean_Haversine_Distance,Median_Haversine_Distance
0.013165957801403392,"[[  51.73496551 -115.63554587]
 [  51.7350008  -115.63541175]
 [  51.73579823 -115.63436377]
 ...
 [  51.86649951 -115.67547299]
 [  51.86650138 -115.67547522]
 [  51.86650321 -115.67547732]]","[[  51.7350386 -115.6605586]
 [  51.7368622 -115.6621897]
 [  51.7413983 -115.6620075]
 ...
 [  51.7872953 -115.6356628]
 [  51.7875069 -115.6354481]
 [  51.7874036 -115.6357314]]","{'lr': 0.0001, 'nodes': 256, 'layers': 3}",0.10411030720491546,0.11308218188626167,0.08897072015539072,0.1163801346564319,13.992338283011646,14.256817513654568
