mse,predictions,actual,best_params,MAE_Latitude,RMSE_Latitude,MAE_Longitude,RMSE_Longitude,Mean_Haversine_Distance,Median_Haversine_Distance
0.018930058001147398,"[[  51.64707309 -115.51525897]
 [  51.64700198 -115.51538371]
 [  51.64675287 -115.51590264]
 [  51.64637785 -115.51667103]
 [  51.64586201 -115.51774708]
 [  51.64526335 -115.51900605]
 [  51.64461836 -115.5203795 ]
 [  51.6439531  -115.52184277]
 [  51.64327838 -115.52337293]
 [  51.64261198 -115.52494034]
 [  51.64203341 -115.52636503]
 [  51.64150353 -115.52770619]
 [  51.64101529 -115.52898929]
 [  51.6405697  -115.53019893]
 [  51.64019082 -115.53132198]
 [  51.63982447 -115.53242864]]","[[  51.7457811 -115.3851939]
 [  51.7385081 -115.3993458]
 [  51.7118861 -115.3799564]
 [  51.7117653 -115.3793461]
 [  51.7086225 -115.3725219]
 [  51.7086119 -115.3723942]
 [  51.7147928 -115.3853028]
 [  51.7125603 -115.3812831]
 [  51.7107703 -115.3801153]
 [  51.6957728 -115.3217844]
 [  51.6772731 -115.3005525]
 [  51.6777728 -115.3008825]
 [  51.6625753 -115.3026642]
 [  51.6638328 -115.3006606]
 [  51.6639925 -115.2738619]
 [  51.6637267 -115.2741258]]","{'lr': 0.0001, 'nodes': 128, 'layers': 3}",0.05439463869895311,0.05931915055571082,0.17859523006717026,0.1853142044734934,14.222198668499047,13.55680555401086
