mse,predictions,actual,best_params,MAE_Latitude,RMSE_Latitude,MAE_Longitude,RMSE_Longitude,Mean_Haversine_Distance,Median_Haversine_Distance
0.009489034632085686,"[[  51.74023716 -115.65436372]
 [  51.74019294 -115.65308385]
 [  51.74038115 -115.65203058]
 ...
 [  51.77107803 -115.69071183]
 [  51.77107803 -115.69071183]
 [  51.77107802 -115.69071183]]","[[  51.7350386 -115.6605586]
 [  51.7368622 -115.6621897]
 [  51.7413983 -115.6620075]
 ...
 [  51.7872953 -115.6356628]
 [  51.7875069 -115.6354481]
 [  51.7874036 -115.6357314]]","{'lr': 0.0001, 'nodes': 128, 'layers': 3}",0.035147293608223634,0.04036488706548208,0.11228420330675187,0.13171463531575467,8.908258604149943,6.818946516878049
