mse,predictions,actual,best_params,MAE_Latitude,RMSE_Latitude,MAE_Longitude,RMSE_Longitude,Mean_Haversine_Distance,Median_Haversine_Distance
8094.279380760908,"[[  51.541714 -116.1622  ]
 [  51.54526  -116.16304 ]
 [  51.549465 -116.164024]
 ...
 [  51.590385 -116.19407 ]
 [  51.590385 -116.19407 ]
 [  51.590385 -116.19407 ]]","[[  51.5496203 -116.1598492]
 [  51.5503628 -116.1557106]
 [  51.5502456 -116.1557822]
 ...
 [  51.6609867 -115.7866658]
 [  51.6690133 -115.7679517]
 [  51.6689381 -115.7678328]]","{'lr': 0.001, 'nodes': 256, 'layers': 5}",0.05592009416860972,0.06995873760388725,0.12968397448215616,0.17281363249209555,11.649810101851442,8.10150790159883
