mse,predictions,actual,best_params,MAE_Latitude,RMSE_Latitude,MAE_Longitude,RMSE_Longitude,Mean_Haversine_Distance,Median_Haversine_Distance
8033.560591048733,"[[  51.794415 -115.442474]
 [  51.790752 -115.44315 ]
 [  51.790104 -115.44624 ]
 ...
 [  51.790104 -115.47264 ]
 [  51.790104 -115.47264 ]
 [  51.790104 -115.47264 ]]","[[  51.894794 -115.458582]
 [  51.895223 -115.458453]
 [  51.895111 -115.458526]
 ...
 [  51.891727 -115.460463]
 [  51.941368 -115.403011]
 [  51.942048 -115.403079]]","{'lr': 0.001, 'nodes': 256, 'layers': 3}",0.06101474774070947,0.07165520959823618,0.0776438910571954,0.09267548296050561,9.139909841177706,9.908255353678374
