mse,predictions,actual,best_params,MAE_Latitude,RMSE_Latitude,MAE_Longitude,RMSE_Longitude,Mean_Haversine_Distance,Median_Haversine_Distance
8044.811862839452,"[[  51.717888 -115.34873 ]
 [  51.702995 -115.31509 ]
 [  51.69355  -115.294945]
 [  51.680466 -115.29445 ]
 [  51.676437 -115.3007  ]
 [  51.6804   -115.30831 ]
 [  51.68391  -115.31818 ]
 [  51.685966 -115.31667 ]
 [  51.68202  -115.33992 ]
 [  51.6784   -115.34267 ]
 [  51.67094  -115.34031 ]
 [  51.67707  -115.33551 ]
 [  51.68472  -115.34314 ]
 [  51.685135 -115.35414 ]
 [  51.69143  -115.3507  ]
 [  51.702183 -115.36293 ]]","[[  51.7457811 -115.3851939]
 [  51.7385081 -115.3993458]
 [  51.7118861 -115.3799564]
 [  51.7117653 -115.3793461]
 [  51.7086225 -115.3725219]
 [  51.7086119 -115.3723942]
 [  51.7147928 -115.3853028]
 [  51.7125603 -115.3812831]
 [  51.7107703 -115.3801153]
 [  51.6957728 -115.3217844]
 [  51.6772731 -115.3005525]
 [  51.6777728 -115.3008825]
 [  51.6625753 -115.3026642]
 [  51.6638328 -115.3006606]
 [  51.6639925 -115.2738619]
 [  51.6637267 -115.2741258]]","{'lr': 0.001, 'nodes': 64, 'layers': 5}",0.024588386090088843,0.02644886989007023,0.059583426660156924,0.06321077812638445,5.012507655600315,5.381349353012461
