mse,predictions,actual,best_params,MAE_Latitude,RMSE_Latitude,MAE_Longitude,RMSE_Longitude,Mean_Haversine_Distance,Median_Haversine_Distance
8050.52418319725,"[[  51.793472 -115.49569 ]
 [  51.79297  -115.49183 ]
 [  51.794178 -115.49179 ]
 ...
 [  51.751106 -115.60023 ]
 [  51.751106 -115.60023 ]
 [  51.751106 -115.60022 ]]","[[  51.794591 -115.487984]
 [  51.794501 -115.488023]
 [  51.794678 -115.488149]
 ...
 [  51.784426 -115.421682]
 [  51.784366 -115.421699]
 [  51.784414 -115.421589]]","{'lr': 0.001, 'nodes': 128, 'layers': 3}",0.045799284584103615,0.062408841660994974,0.22250119727520956,0.25030903337353805,16.509134572737324,15.691280391519156
