mse,predictions,actual,best_params,MAE_Latitude,RMSE_Latitude,MAE_Longitude,RMSE_Longitude,Mean_Haversine_Distance,Median_Haversine_Distance
8133.512169453416,"[[  51.73011  -115.64916 ]
 [  51.73234  -115.64868 ]
 [  51.73417  -115.6481  ]
 ...
 [  51.83125  -115.922035]
 [  51.83125  -115.922035]
 [  51.83125  -115.922035]]","[[  51.7350386 -115.6605586]
 [  51.7368622 -115.6621897]
 [  51.7413983 -115.6620075]
 ...
 [  51.7872953 -115.6356628]
 [  51.7875069 -115.6354481]
 [  51.7874036 -115.6357314]]","{'lr': 0.001, 'nodes': 256, 'layers': 3}",0.08723281714115476,0.09241470079921067,0.30471086646181705,0.32007708952061564,23.228734984568433,23.838626257579577
