mse,predictions,actual,best_params,MAE_Latitude,RMSE_Latitude,MAE_Longitude,RMSE_Longitude,Mean_Haversine_Distance,Median_Haversine_Distance
8078.517493881765,"[[  51.652843 -115.9001  ]
 [  51.648773 -115.889084]
 [  51.647564 -115.879074]
 ...
 [  51.648476 -115.82418 ]
 [  51.642567 -115.8234  ]
 [  51.636497 -115.823   ]]","[[  51.6680086 -115.8855778]
 [  51.6679531 -115.8588436]
 [  51.6631911 -115.8383003]
 ...
 [  51.6238025 -115.9308264]
 [  51.6344733 -115.9328094]
 [  51.6242111 -115.9314692]]","{'lr': 0.0001, 'nodes': 128, 'layers': 3}",0.04716120734263558,0.06278348918336292,0.16054024888233603,0.24535054177589616,13.794474932188058,8.3183455394588
