mse,predictions,actual,best_params,MAE_Latitude,RMSE_Latitude,MAE_Longitude,RMSE_Longitude,Mean_Haversine_Distance,Median_Haversine_Distance
0.005661204264982516,"[[  51.7962996  -115.41274762]
 [  51.79763535 -115.41379798]
 [  51.79850933 -115.41439623]
 ...
 [  51.83019648 -115.41215049]
 [  51.83019648 -115.41215049]
 [  51.83019648 -115.41215047]]","[[  51.894794 -115.458582]
 [  51.895223 -115.458453]
 [  51.895111 -115.458526]
 ...
 [  51.891727 -115.460463]
 [  51.941368 -115.403011]
 [  51.942048 -115.403079]]","{'lr': 0.0001, 'nodes': 128, 'layers': 3}",0.07605191303346719,0.08838031594152651,0.04408624547234988,0.05925646196020306,9.36400533946877,10.084856566439916
