mse,predictions,actual,best_params,MAE_Latitude,RMSE_Latitude,MAE_Longitude,RMSE_Longitude,Mean_Haversine_Distance,Median_Haversine_Distance
0.012711897991614056,"[[  51.79809305 -115.65937678]
 [  51.79797679 -115.65960917]
 [  51.79751662 -115.65911036]
 ...
 [  51.74431712 -115.64894781]
 [  51.74431713 -115.64894777]
 [  51.74431713 -115.64894781]]","[[  51.8020769 -115.6531203]
 [  51.7748147 -115.6291528]
 [  51.7243781 -115.5950567]
 ...
 [  51.7874111 -115.6359331]
 [  51.7873542 -115.635665 ]
 [  51.7875292 -115.6354694]]","{'lr': 0.0001, 'nodes': 128, 'layers': 3}",0.043735010448057096,0.061630580703999675,0.10622254480666035,0.14705600125569823,9.395035731653682,6.655410967231195
