mse,predictions,actual,best_params,MAE_Latitude,RMSE_Latitude,MAE_Longitude,RMSE_Longitude,Mean_Haversine_Distance,Median_Haversine_Distance
0.025166126304815857,"[[  51.80322694 -115.64968798]
 [  51.80392154 -115.64683608]
 [  51.8049702  -115.64364259]
 ...
 [  51.82456165 -115.50355872]
 [  51.82456165 -115.50355872]
 [  51.82456167 -115.50355872]]","[[  51.7243781 -115.5950567]
 [  51.7338517 -115.5503311]
 [  51.7446458 -115.5506397]
 ...
 [  51.7874111 -115.6359331]
 [  51.7873542 -115.635665 ]
 [  51.7875292 -115.6354694]]","{'lr': 0.001, 'nodes': 256, 'layers': 3}",0.06737233471062404,0.07499078128673714,0.15610239127869943,0.21144416599101637,14.703692211251163,12.272095779894904
