mse,predictions,actual,best_params,MAE_Latitude,RMSE_Latitude,MAE_Longitude,RMSE_Longitude,Mean_Haversine_Distance,Median_Haversine_Distance
0.05752966514349581,"[[  51.553141   -116.14830585]
 [  51.55381992 -116.13966737]
 [  51.55470607 -116.1318987 ]
 ...
 [  51.67232835 -115.83380729]
 [  51.67232835 -115.83380729]
 [  51.67232835 -115.83380735]]","[[  51.5502456 -116.1557822]
 [  51.5502044 -116.1556867]
 [  51.5522331 -116.1542056]
 ...
 [  51.6609867 -115.7866658]
 [  51.6690133 -115.7679517]
 [  51.6689381 -115.7678328]]","{'lr': 0.001, 'nodes': 64, 'layers': 3}",0.08949780411350222,0.10487704050664769,0.28540395046874095,0.32258353439312215,22.917615125631148,23.260217880319495
