mse,predictions,actual,best_params,MAE_Latitude,RMSE_Latitude,MAE_Longitude,RMSE_Longitude,Mean_Haversine_Distance,Median_Haversine_Distance
0.10964373318540008,"[[  51.64639504 -115.4698212 ]
 [  51.64874239 -115.47020158]
 [  51.65190038 -115.47060898]
 ...
 [  51.86784225 -115.93141937]
 [  51.86784234 -115.93141937]
 [  51.86784244 -115.93141955]]","[[  51.645778 -115.472971]
 [  51.645507 -115.470309]
 [  51.659372 -115.47507 ]
 ...
 [  51.644949 -115.564538]
 [  51.640697 -115.570173]
 [  51.621556 -115.559339]]","{'lr': 0.001, 'nodes': 64, 'layers': 3}",0.2949928313463171,0.31315537004661853,0.33420327156072294,0.3481683221974189,40.95074008609928,39.79253396578362
