mse,predictions,actual,best_params,MAE_Latitude,RMSE_Latitude,MAE_Longitude,RMSE_Longitude,Mean_Haversine_Distance,Median_Haversine_Distance
0.00810119650900476,"[[  51.73685191 -115.65223511]
 [  51.73681213 -115.64527564]
 [  51.73624845 -115.63769622]
 ...
 [  51.74689544 -115.52969576]
 [  51.74689543 -115.52969576]
 [  51.74689543 -115.52969576]]","[[  51.7413983 -115.6620075]
 [  51.7462442 -115.6692128]
 [  51.7466539 -115.6784744]
 ...
 [  51.7872953 -115.6356628]
 [  51.7875069 -115.6354481]
 [  51.7874036 -115.6357314]]","{'lr': 0.001, 'nodes': 256, 'layers': 3}",0.02094437126232448,0.03004977193792233,0.08977894772565698,0.12369076046531682,6.889541611383205,5.789430572908286
