mse,predictions,actual,best_params,MAE_Latitude,RMSE_Latitude,MAE_Longitude,RMSE_Longitude,Mean_Haversine_Distance,Median_Haversine_Distance
0.06361120070063823,"[[  51.23254211 -115.80634935]
 [  51.23841774 -115.82166574]
 [  51.24219737 -115.83468343]
 ...
 [  51.08257019 -116.15633373]
 [  51.08257018 -116.15633374]
 [  51.08257018 -116.15633373]]","[[  51.2259594 -115.7857789]
 [  51.2259242 -115.7855875]
 [  51.2246917 -115.7919414]
 ...
 [  51.1339683 -115.686495 ]
 [  51.1341239 -115.6862997]
 [  51.1372492 -115.6798625]]","{'lr': 0.001, 'nodes': 256, 'layers': 3}",0.08496360672868247,0.11139759249498402,0.2783212919293532,0.33884063774523565,23.557972054416645,27.232808888579243
