mse,predictions,actual,best_params,MAE_Latitude,RMSE_Latitude,MAE_Longitude,RMSE_Longitude,Mean_Haversine_Distance,Median_Haversine_Distance
0.27158550726948094,"[[  50.86039019 -115.39943927]
 [  50.86783947 -115.49224649]
 [  50.88789078 -115.54879522]
 ...
 [  51.09044392 -115.7265072 ]
 [  51.09044384 -115.72650715]
 [  51.09044392 -115.72650715]]","[[  50.9090846 -115.1320316]
 [  50.911256  -115.1295986]
 [  50.8992674 -115.1304777]
 ...
 [  50.6466641 -115.0645022]
 [  50.6502302 -115.0668792]
 [  50.6502526 -115.0669277]]","{'lr': 0.0001, 'nodes': 128, 'layers': 3}",0.36986909446069743,0.3802155408007648,0.6298819895036918,0.6313534327716477,60.78103819882469,62.18211970967688
