mse,predictions,actual,best_params,MAE_Latitude,RMSE_Latitude,MAE_Longitude,RMSE_Longitude,Mean_Haversine_Distance,Median_Haversine_Distance
0.02358335435033147,"[[  51.67734487 -115.88989715]
 [  51.6862929  -115.88351155]
 [  51.69405578 -115.87937867]
 ...
 [  51.68221539 -116.03588518]
 [  51.68217938 -116.03595543]
 [  51.68214364 -116.03602514]]","[[  51.6631911 -115.8383003]
 [  51.6621364 -115.8335083]
 [  51.66219   -115.8335433]
 ...
 [  51.6238025 -115.9308264]
 [  51.6344733 -115.9328094]
 [  51.6242111 -115.9314692]]","{'lr': 0.001, 'nodes': 256, 'layers': 3}",0.0723899174240326,0.08679897742311637,0.16597769640737622,0.19907949723405538,15.751212192530048,14.20498914792418
