mse,predictions,actual,best_params,MAE_Latitude,RMSE_Latitude,MAE_Longitude,RMSE_Longitude,Mean_Haversine_Distance,Median_Haversine_Distance
0.025143838998810224,"[[  51.73526198 -115.60948184]
 [  51.73217885 -115.60237362]
 [  51.7290482  -115.59329306]
 ...
 [  51.69559673 -115.55302451]
 [  51.69559669 -115.55302444]
 [  51.69559669 -115.55302444]]","[[  51.7379292 -115.6194158]
 [  51.7377836 -115.6185531]
 [  51.7381394 -115.6188856]
 ...
 [  51.7481528 -115.6983978]
 [  51.7475714 -115.6995072]
 [  51.7518994 -115.6979919]]","{'lr': 0.001, 'nodes': 128, 'layers': 3}",0.08416290683856352,0.10027241185859717,0.13526476246990138,0.2005819568597343,13.878396562227582,7.093413514659835
