mse,predictions,actual,best_params,MAE_Latitude,RMSE_Latitude,MAE_Longitude,RMSE_Longitude,Mean_Haversine_Distance,Median_Haversine_Distance
0.09475379735567319,"[[  51.59894303 -115.6225016 ]
 [  51.59858635 -115.61656349]
 [  51.59824862 -115.60932756]
 ...
 [  51.82847466 -115.25599755]
 [  51.82847471 -115.2559975 ]
 [  51.82847476 -115.2559975 ]]","[[  51.5994044 -115.6272939]
 [  51.5996375 -115.6275153]
 [  51.5996128 -115.6271039]
 ...
 [  51.5446164 -115.7317386]
 [  51.5446539 -115.7319833]
 [  51.5436356 -115.7267492]]","{'lr': 0.001, 'nodes': 128, 'layers': 3}",0.2514257906801622,0.27777383479981504,0.32355124955202286,0.33518545823461876,36.468082542362325,36.20601941651361
