mse,predictions,actual,best_params,MAE_Latitude,RMSE_Latitude,MAE_Longitude,RMSE_Longitude,Mean_Haversine_Distance,Median_Haversine_Distance
0.009094755132426897,"[[  51.88712327 -115.45831158]
 [  51.88465339 -115.45544677]
 [  51.88008024 -115.45782071]
 ...
 [  51.85824941 -115.4578626 ]
 [  51.85824941 -115.45786257]
 [  51.85824937 -115.45786259]]","[[  51.895111 -115.458526]
 [  51.895192 -115.451705]
 [  51.895329 -115.451533]
 ...
 [  51.891727 -115.460463]
 [  51.941368 -115.403011]
 [  51.942048 -115.403079]]","{'lr': 0.001, 'nodes': 128, 'layers': 5}",0.09259994198193114,0.10724797933829769,0.06532030995920947,0.0817764097567622,11.569767139180106,11.006058801197195
