mse,predictions,actual,best_params,MAE_Latitude,RMSE_Latitude,MAE_Longitude,RMSE_Longitude,Mean_Haversine_Distance,Median_Haversine_Distance
0.029885960044243955,"[[  51.79333886 -115.49054024]
 [  51.79428977 -115.49296867]
 [  51.79487925 -115.49396749]
 ...
 [  51.65801492 -115.58708456]
 [  51.65801492 -115.58708454]
 [  51.6580149  -115.58708454]]","[[  51.794678 -115.488149]
 [  51.794696 -115.488155]
 [  51.794703 -115.488153]
 ...
 [  51.784426 -115.421682]
 [  51.784366 -115.421699]
 [  51.784414 -115.421589]]","{'lr': 0.0001, 'nodes': 128, 'layers': 3}",0.057761738974585634,0.06626925225186088,0.2042634333620553,0.23533020693159462,16.092064361706974,15.387728743487354
