mse,predictions,actual,best_params,MAE_Latitude,RMSE_Latitude,MAE_Longitude,RMSE_Longitude,Mean_Haversine_Distance,Median_Haversine_Distance
0.005268348323249744,"[[  51.73335352 -115.25575623]
 [  51.71976518 -115.25410689]
 [  51.72008215 -115.25527108]
 [  51.72143283 -115.24978617]
 [  51.72094113 -115.24539921]
 [  51.72439378 -115.24676602]
 [  51.72643824 -115.25065698]
 [  51.72488702 -115.25124598]
 [  51.72317569 -115.25229207]
 [  51.72357089 -115.25618103]
 [  51.72364472 -115.25837689]
 [  51.72252898 -115.26016147]
 [  51.72186747 -115.26255974]
 [  51.72075487 -115.26460167]]","[[  51.7118861 -115.3799564]
 [  51.7117653 -115.3793461]
 [  51.7086225 -115.3725219]
 [  51.7086119 -115.3723942]
 [  51.7147928 -115.3853028]
 [  51.7125603 -115.3812831]
 [  51.7107703 -115.3801153]
 [  51.6957728 -115.3217844]
 [  51.6772731 -115.3005525]
 [  51.6777728 -115.3008825]
 [  51.6625753 -115.3026642]
 [  51.6638328 -115.3006606]
 [  51.6639925 -115.2738619]
 [  51.6637267 -115.2741258]]","{'lr': 0.001, 'nodes': 128, 'layers': 3}",0.03163437659893731,0.03786485052429138,0.0830207345357599,0.09540937973424078,7.692357342796042,7.811494112156648
