mse,predictions,actual,best_params,MAE_Latitude,RMSE_Latitude,MAE_Longitude,RMSE_Longitude,Mean_Haversine_Distance,Median_Haversine_Distance
0.023606526577285417,"[[  51.6641341  -115.889972  ]
 [  51.66339453 -115.89315002]
 [  51.66275835 -115.89586302]
 ...
 [  51.63645728 -115.9547287 ]
 [  51.63645723 -115.9547288 ]
 [  51.63645718 -115.9547289 ]]","[[  51.6680086 -115.8855778]
 [  51.6679531 -115.8588436]
 [  51.6631911 -115.8383003]
 ...
 [  51.6238025 -115.9308264]
 [  51.6344733 -115.9328094]
 [  51.6242111 -115.9314692]]","{'lr': 0.0001, 'nodes': 128, 'layers': 3}",0.04292057804845572,0.05643498071855356,0.17419622239173563,0.20982884955569706,13.923568001011278,12.24499144817722
