mse,predictions,actual,best_params,MAE_Latitude,RMSE_Latitude,MAE_Longitude,RMSE_Longitude,Mean_Haversine_Distance,Median_Haversine_Distance
0.010964751976470706,"[[  51.7387823  -115.65699097]
 [  51.73877527 -115.65529273]
 [  51.73896743 -115.65390888]
 ...
 [  51.77179855 -115.70719738]
 [  51.77179855 -115.70719738]
 [  51.77179855 -115.70719734]]","[[  51.7350386 -115.6605586]
 [  51.7368622 -115.6621897]
 [  51.7413983 -115.6620075]
 ...
 [  51.7872953 -115.6356628]
 [  51.7875069 -115.6354481]
 [  51.7874036 -115.6357314]]","{'lr': 0.0001, 'nodes': 128, 'layers': 3}",0.03578914317777261,0.040934292921954836,0.12501199460771295,0.14231615374201562,9.708198262443537,7.799719605827889
