mse,predictions,actual,best_params,MAE_Latitude,RMSE_Latitude,MAE_Longitude,RMSE_Longitude,Mean_Haversine_Distance,Median_Haversine_Distance
0.03046978782476628,"[[  51.55732062 -116.0968776 ]
 [  51.55724649 -116.09656557]
 [  51.55731705 -116.09553423]
 ...
 [  51.62694172 -115.94592518]
 [  51.62694172 -115.94592518]
 [  51.62694172 -115.94592521]]","[[  51.5496203 -116.1598492]
 [  51.5503628 -116.1557106]
 [  51.5502456 -116.1557822]
 ...
 [  51.6609867 -115.7866658]
 [  51.6690133 -115.7679517]
 [  51.6689381 -115.7678328]]","{'lr': 0.0001, 'nodes': 128, 'layers': 3}",0.06547568284668304,0.07745924504992804,0.20822507458564107,0.2343920668577069,17.08378684881756,16.195015571566493
