mse,predictions,actual,best_params,MAE_Latitude,RMSE_Latitude,MAE_Longitude,RMSE_Longitude,Mean_Haversine_Distance,Median_Haversine_Distance
0.013293510858871756,"[[  51.79655288 -115.66663656]
 [  51.79675755 -115.66825388]
 [  51.79669794 -115.66891557]
 ...
 [  51.73177154 -115.68914074]
 [  51.73177154 -115.68914074]
 [  51.73177152 -115.68914074]]","[[  51.8020769 -115.6531203]
 [  51.7748147 -115.6291528]
 [  51.7243781 -115.5950567]
 ...
 [  51.7874111 -115.6359331]
 [  51.7873542 -115.635665 ]
 [  51.7875292 -115.6354694]]","{'lr': 0.0001, 'nodes': 128, 'layers': 3}",0.047592146959805,0.0675316083333316,0.12399840476434665,0.14841328644584686,10.818393431714163,9.082185682449811
