mse,predictions,actual,best_params,MAE_Latitude,RMSE_Latitude,MAE_Longitude,RMSE_Longitude,Mean_Haversine_Distance,Median_Haversine_Distance
0.00836055523312431,"[[  51.76684908 -115.53275081]
 [  51.76839876 -115.52938953]
 [  51.76983316 -115.52625363]
 ...
 [  51.76125394 -115.39676746]
 [  51.76125197 -115.39674898]
 [  51.76124999 -115.39673053]]","[[  51.794591 -115.487984]
 [  51.794501 -115.488023]
 [  51.794678 -115.488149]
 ...
 [  51.784426 -115.421682]
 [  51.784366 -115.421699]
 [  51.784414 -115.421589]]","{'lr': 0.0001, 'nodes': 128, 'layers': 3}",0.052507414839274284,0.06658304538194545,0.07041310982099633,0.11085038806388732,8.085784490271642,5.652783863023225
