mse,predictions,actual,best_params,MAE_Latitude,RMSE_Latitude,MAE_Longitude,RMSE_Longitude,Mean_Haversine_Distance,Median_Haversine_Distance
8030.025265224958,"[[  51.742126 -115.62283 ]
 [  51.742558 -115.62431 ]
 [  51.743244 -115.6202  ]
 ...
 [  51.78001  -115.60706 ]
 [  51.78001  -115.60706 ]
 [  51.78001  -115.60706 ]]","[[  51.7379186 -115.6187992]
 [  51.7377786 -115.6189464]
 [  51.7379292 -115.6194158]
 ...
 [  51.7481528 -115.6983978]
 [  51.7475714 -115.6995072]
 [  51.7518994 -115.6979919]]","{'lr': 0.001, 'nodes': 256, 'layers': 3}",0.048794874290053414,0.055816345001173606,0.12166656302484377,0.17259392484067038,10.69973323519292,6.749825889591656
