mse,predictions,actual,best_params,MAE_Latitude,RMSE_Latitude,MAE_Longitude,RMSE_Longitude,Mean_Haversine_Distance,Median_Haversine_Distance
8074.057047691455,"[[  51.81475  -115.65058 ]
 [  51.827168 -115.66819 ]
 [  51.839233 -115.68574 ]
 ...
 [  51.749218 -115.43675 ]
 [  51.75157  -115.43977 ]
 [  51.753704 -115.44417 ]]","[[  51.8020769 -115.6531203]
 [  51.7748147 -115.6291528]
 [  51.7243781 -115.5950567]
 ...
 [  51.7874111 -115.6359331]
 [  51.7873542 -115.635665 ]
 [  51.7875292 -115.6354694]]","{'lr': 0.001, 'nodes': 128, 'layers': 3}",0.08685142959563304,0.10560910217090783,0.16736009436781105,0.21094385099731816,16.7924344750621,15.038966498987113
