mse,predictions,actual,best_params,MAE_Latitude,RMSE_Latitude,MAE_Longitude,RMSE_Longitude,Mean_Haversine_Distance,Median_Haversine_Distance
8011.134564516154,"[[  51.782936 -115.49108 ]
 [  51.784542 -115.48792 ]
 [  51.78462  -115.482185]
 ...
 [  51.681225 -115.25189 ]
 [  51.68123  -115.25189 ]
 [  51.68123  -115.2519  ]]","[[  51.794591 -115.487984]
 [  51.794501 -115.488023]
 [  51.794678 -115.488149]
 ...
 [  51.784426 -115.421682]
 [  51.784366 -115.421699]
 [  51.784414 -115.421589]]","{'lr': 0.001, 'nodes': 64, 'layers': 3}",0.06161913947165533,0.07343159014057203,0.13154761407943283,0.14431805335947526,12.119453591498564,11.365911460154688
