mse,predictions,actual,best_params,MAE_Latitude,RMSE_Latitude,MAE_Longitude,RMSE_Longitude,Mean_Haversine_Distance,Median_Haversine_Distance
8096.470965173234,"[[  51.663834 -115.90209 ]
 [  51.66623  -115.89093 ]
 [  51.67784  -115.89758 ]
 ...
 [  51.71305  -115.989365]
 [  51.71305  -115.98938 ]
 [  51.71305  -115.98938 ]]","[[  51.6680086 -115.8855778]
 [  51.6679531 -115.8588436]
 [  51.6631911 -115.8383003]
 ...
 [  51.6238025 -115.9308264]
 [  51.6344733 -115.9328094]
 [  51.6242111 -115.9314692]]","{'lr': 0.001, 'nodes': 64, 'layers': 7}",0.08575043120655516,0.09843632580597286,0.16382310156325539,0.20055885396355072,16.343349456220523,13.990654143783306
