mse,predictions,actual,best_params,MAE_Latitude,RMSE_Latitude,MAE_Longitude,RMSE_Longitude,Mean_Haversine_Distance,Median_Haversine_Distance
8045.040328468504,"[[  51.783737 -115.48672 ]
 [  51.78007  -115.485146]
 [  51.77846  -115.48286 ]
 ...
 [  51.635193 -115.61255 ]
 [  51.63516  -115.61255 ]
 [  51.63513  -115.61251 ]]","[[  51.794678 -115.488149]
 [  51.794696 -115.488155]
 [  51.794703 -115.488153]
 ...
 [  51.784426 -115.421682]
 [  51.784366 -115.421699]
 [  51.784414 -115.421589]]","{'lr': 0.001, 'nodes': 256, 'layers': 3}",0.08431302121675426,0.09250764568035474,0.22828719140731732,0.25646486296172377,19.38194270674049,17.958966194768042
