mse,predictions,actual,best_params,MAE_Latitude,RMSE_Latitude,MAE_Longitude,RMSE_Longitude,Mean_Haversine_Distance,Median_Haversine_Distance
8022.114384918995,"[[  51.557846 -116.14425 ]
 [  51.563313 -116.13916 ]
 [  51.569584 -116.122154]
 ...
 [  52.228928 -115.47222 ]
 [  52.22882  -115.47235 ]
 [  52.228706 -115.47247 ]]","[[  51.5502456 -116.1557822]
 [  51.5502044 -116.1556867]
 [  51.5522331 -116.1542056]
 ...
 [  51.6609867 -115.7866658]
 [  51.6690133 -115.7679517]
 [  51.6689381 -115.7678328]]","{'lr': 0.001, 'nodes': 256, 'layers': 3}",0.7912454738149596,0.8418088683890111,0.9077483082727843,0.9936024825736802,108.94900078244784,105.92931282416615
