mse,predictions,actual,best_params,MAE_Latitude,RMSE_Latitude,MAE_Longitude,RMSE_Longitude,Mean_Haversine_Distance,Median_Haversine_Distance
0.04720451337209651,"[[  51.60260389 -115.62436888]
 [  51.60337323 -115.62331465]
 [  51.6044636  -115.6220034 ]
 ...
 [  51.85046054 -115.56416339]
 [  51.85046059 -115.56416339]
 [  51.85046059 -115.56416342]]","[[  51.5994044 -115.6272939]
 [  51.5996375 -115.6275153]
 [  51.5996128 -115.6271039]
 ...
 [  51.5446164 -115.7317386]
 [  51.5446539 -115.7319833]
 [  51.5436356 -115.7267492]]","{'lr': 0.0001, 'nodes': 128, 'layers': 3}",0.268353689342343,0.2948502914123517,0.07180613518633715,0.08644265381305917,30.517463134330022,28.31255748054329
