mse,predictions,actual,best_params,MAE_Latitude,RMSE_Latitude,MAE_Longitude,RMSE_Longitude,Mean_Haversine_Distance,Median_Haversine_Distance
0.01074036139874753,"[[  51.78130035 -115.49588455]
 [  51.78221292 -115.49221744]
 [  51.78199041 -115.48953467]
 ...
 [  51.7035778  -115.21298528]
 [  51.70360745 -115.21290298]
 [  51.7036369  -115.21282107]]","[[  51.794678 -115.488149]
 [  51.794696 -115.488155]
 [  51.794703 -115.488153]
 ...
 [  51.784426 -115.421682]
 [  51.784366 -115.421699]
 [  51.784414 -115.421589]]","{'lr': 0.0001, 'nodes': 128, 'layers': 3}",0.04340336587847844,0.053013966306174415,0.12405931519388412,0.13663909460320237,10.219101992904637,10.166023778293487
