mse,predictions,actual,best_params,MAE_Latitude,RMSE_Latitude,MAE_Longitude,RMSE_Longitude,Mean_Haversine_Distance,Median_Haversine_Distance
0.22756140000551492,"[[  51.03114608 -115.36981029]
 [  51.05742494 -115.399466  ]
 [  51.08178376 -115.43201823]
 ...
 [  51.11359662 -115.63816874]
 [  51.11359662 -115.63816874]
 [  51.11359662 -115.63816874]]","[[  50.9090846 -115.1320316]
 [  50.911256  -115.1295986]
 [  50.8992674 -115.1304777]
 ...
 [  50.6466641 -115.0645022]
 [  50.6502302 -115.0668792]
 [  50.6502526 -115.0669277]]","{'lr': 0.0001, 'nodes': 128, 'layers': 3}",0.3995614012346902,0.406763217395485,0.5363812233705346,0.538206730713304,58.39942595393067,60.04597177444627
