mse,predictions,actual,best_params,MAE_Latitude,RMSE_Latitude,MAE_Longitude,RMSE_Longitude,Mean_Haversine_Distance,Median_Haversine_Distance
0.033538730411482934,"[[  51.65288406 -115.90503182]
 [  51.65229451 -115.90331707]
 [  51.65104382 -115.90144085]
 ...
 [  51.61247264 -115.82852171]
 [  51.61247264 -115.82852166]
 [  51.61247264 -115.82852161]]","[[  51.6631911 -115.8383003]
 [  51.6621364 -115.8335083]
 [  51.66219   -115.8335433]
 ...
 [  51.6238025 -115.9308264]
 [  51.6344733 -115.9328094]
 [  51.6242111 -115.9314692]]","{'lr': 0.0001, 'nodes': 128, 'layers': 3}",0.05395068549746753,0.06449640049105367,0.16179126363203875,0.250833959317042,14.790355639034356,8.785395343281568
