mse,predictions,actual,best_params,MAE_Latitude,RMSE_Latitude,MAE_Longitude,RMSE_Longitude,Mean_Haversine_Distance,Median_Haversine_Distance
0.04349592297931895,"[[  51.19766492 -115.74492903]
 [  51.20334106 -115.75385929]
 [  51.20597757 -115.7563944 ]
 ...
 [  51.24364217 -115.65510297]
 [  51.24364194 -115.6551017 ]
 [  51.24364168 -115.65510047]]","[[  51.2259594 -115.7857789]
 [  51.2259242 -115.7855875]
 [  51.2246917 -115.7919414]
 ...
 [  51.1339683 -115.686495 ]
 [  51.1341239 -115.6862997]
 [  51.1372492 -115.6798625]]","{'lr': 0.0001, 'nodes': 128, 'layers': 3}",0.11083362384000657,0.12987166626637475,0.2098874874533655,0.2648116241025558,21.269225157190277,20.52509972203857
