mse,predictions,actual,best_params,MAE_Latitude,RMSE_Latitude,MAE_Longitude,RMSE_Longitude,Mean_Haversine_Distance,Median_Haversine_Distance
0.011914981583989941,"[[  51.63113277 -115.47897438]
 [  51.63276193 -115.47809172]
 [  51.63341016 -115.47766403]
 ...
 [  51.62508324 -115.48294824]
 [  51.62508324 -115.48294824]
 [  51.62508324 -115.48294824]]","[[  51.645778 -115.472971]
 [  51.645507 -115.470309]
 [  51.659372 -115.47507 ]
 ...
 [  51.644949 -115.564538]
 [  51.640697 -115.570173]
 [  51.621556 -115.559339]]","{'lr': 0.0001, 'nodes': 128, 'layers': 3}",0.0799126671715895,0.1117456884756227,0.09034088847333224,0.10650288388155972,11.510672603313381,6.1321690957469706
