mse,predictions,actual,best_params,MAE_Latitude,RMSE_Latitude,MAE_Longitude,RMSE_Longitude,Mean_Haversine_Distance,Median_Haversine_Distance
0.02843201741311019,"[[  51.80372213 -115.64811414]
 [  51.80409299 -115.64815199]
 [  51.80453734 -115.6477779 ]
 ...
 [  51.85755679 -115.83524676]
 [  51.85755679 -115.83524676]
 [  51.85755681 -115.83524676]]","[[  51.7243781 -115.5950567]
 [  51.7338517 -115.5503311]
 [  51.7446458 -115.5506397]
 ...
 [  51.7874111 -115.6359331]
 [  51.7873542 -115.635665 ]
 [  51.7875292 -115.6354694]]","{'lr': 0.0001, 'nodes': 128, 'layers': 3}",0.08749669208192781,0.09861600419964475,0.19850759773942944,0.21711498921519912,17.144707195092742,19.13037876162497
