mse,predictions,actual,best_params,MAE_Latitude,RMSE_Latitude,MAE_Longitude,RMSE_Longitude,Mean_Haversine_Distance,Median_Haversine_Distance
0.021383334357639734,"[[  51.64597833 -115.51766455]
 [  51.64522774 -115.51957644]
 [  51.64412085 -115.52253106]
 [  51.64289515 -115.52577995]
 [  51.64174252 -115.52876461]
 [  51.6407574  -115.53122126]
 [  51.63994783 -115.53311301]
 [  51.63930558 -115.53453847]
 [  51.63880976 -115.53559293]
 [  51.63843411 -115.53637004]
 [  51.63816038 -115.53693797]
 [  51.63796405 -115.53734942]
 [  51.63782476 -115.53764549]
 [  51.63772672 -115.53785756]]","[[  51.7118861 -115.3799564]
 [  51.7117653 -115.3793461]
 [  51.7086225 -115.3725219]
 [  51.7086119 -115.3723942]
 [  51.7147928 -115.3853028]
 [  51.7125603 -115.3812831]
 [  51.7107703 -115.3801153]
 [  51.6957728 -115.3217844]
 [  51.6772731 -115.3005525]
 [  51.6777728 -115.3008825]
 [  51.6625753 -115.3026642]
 [  51.6638328 -115.3006606]
 [  51.6639925 -115.2738619]
 [  51.6637267 -115.2741258]]","{'lr': 0.0001, 'nodes': 128, 'layers': 3}",0.05107571519674587,0.054510545707060466,0.19353507682272156,0.1994875162058968,14.857956879128285,14.56232097486923
