mse,predictions,actual,best_params,MAE_Latitude,RMSE_Latitude,MAE_Longitude,RMSE_Longitude,Mean_Haversine_Distance,Median_Haversine_Distance
0.005608517526040547,"[[  51.73516784 -115.64124691]
 [  51.73598306 -115.64156327]
 [  51.73670692 -115.64027685]
 ...
 [  51.73222501 -115.58228716]
 [  51.73222501 -115.58228716]
 [  51.73222502 -115.58228716]]","[[  51.7413983 -115.6620075]
 [  51.7462442 -115.6692128]
 [  51.7466539 -115.6784744]
 ...
 [  51.7872953 -115.6356628]
 [  51.7875069 -115.6354481]
 [  51.7874036 -115.6357314]]","{'lr': 0.0001, 'nodes': 128, 'layers': 3}",0.017510193002442657,0.02976926580464927,0.06480942147692281,0.101640670331975,5.049602220169978,2.9652137861434023
