mse,predictions,actual,best_params,MAE_Latitude,RMSE_Latitude,MAE_Longitude,RMSE_Longitude,Mean_Haversine_Distance,Median_Haversine_Distance
0.05399818201494126,"[[  51.54916111 -116.11630144]
 [  51.55133835 -116.11194378]
 [  51.55354497 -116.10509281]
 ...
 [  51.68802771 -115.85141439]
 [  51.68802771 -115.85141439]
 [  51.68802771 -115.85141439]]","[[  51.5502456 -116.1557822]
 [  51.5502044 -116.1556867]
 [  51.5522331 -116.1542056]
 ...
 [  51.6609867 -115.7866658]
 [  51.6690133 -115.7679517]
 [  51.6689381 -115.7678328]]","{'lr': 0.0001, 'nodes': 128, 'layers': 3}",0.09884056635485516,0.11430341115070967,0.27313027479968527,0.3081088999512904,22.754706141080522,23.269426858878596
