mse,predictions,actual,best_params,MAE_Latitude,RMSE_Latitude,MAE_Longitude,RMSE_Longitude,Mean_Haversine_Distance,Median_Haversine_Distance
0.08505038271193736,"[[  51.17369934 -115.69397395]
 [  51.17606482 -115.69962481]
 [  51.17828635 -115.70457283]
 ...
 [  51.19979259 -115.47945849]
 [  51.19979261 -115.47945835]
 [  51.19979261 -115.47945842]]","[[  51.2259594 -115.7857789]
 [  51.2259242 -115.7855875]
 [  51.2246917 -115.7919414]
 ...
 [  51.1339683 -115.686495 ]
 [  51.1341239 -115.6862997]
 [  51.1372492 -115.6798625]]","{'lr': 0.0001, 'nodes': 128, 'layers': 3}",0.08995850382196809,0.10586180891931202,0.352301724090011,0.39861515630518335,27.735569103405194,24.877310657332337
