mse,predictions,actual,best_params,MAE_Latitude,RMSE_Latitude,MAE_Longitude,RMSE_Longitude,Mean_Haversine_Distance,Median_Haversine_Distance
0.021407005237073715,"[[  51.64059278 -115.52592493]
 [  51.64058353 -115.52610881]
 [  51.64047871 -115.52657295]
 [  51.64028319 -115.52727855]
 [  51.64003178 -115.52817282]
 [  51.63973926 -115.52919732]
 [  51.63942609 -115.53030592]
 [  51.63910034 -115.53144915]
 [  51.63877839 -115.53259834]
 [  51.63847251 -115.53371217]
 [  51.63817997 -115.5347805 ]
 [  51.63790551 -115.53577663]
 [  51.6376466  -115.5367015 ]
 [  51.63740319 -115.53754271]]","[[  51.7118861 -115.3799564]
 [  51.7117653 -115.3793461]
 [  51.7086225 -115.3725219]
 [  51.7086119 -115.3723942]
 [  51.7147928 -115.3853028]
 [  51.7125603 -115.3812831]
 [  51.7107703 -115.3801153]
 [  51.6957728 -115.3217844]
 [  51.6772731 -115.3005525]
 [  51.6777728 -115.3008825]
 [  51.6625753 -115.3026642]
 [  51.6638328 -115.3006606]
 [  51.6639925 -115.2738619]
 [  51.6637267 -115.2741258]]","{'lr': 0.0001, 'nodes': 128, 'layers': 3}",0.052523809561854255,0.056275211415276576,0.19361932842519178,0.1991158232143125,14.94663738562132,14.44005414678048
