mse,predictions,actual,best_params,MAE_Latitude,RMSE_Latitude,MAE_Longitude,RMSE_Longitude,Mean_Haversine_Distance,Median_Haversine_Distance
0.006723968878509011,"[[  51.76819123 -115.51879715]
 [  51.77001304 -115.51504824]
 [  51.77155643 -115.51160788]
 ...
 [  51.71163302 -115.35659183]
 [  51.71163295 -115.35659148]
 [  51.71163285 -115.35659117]]","[[  51.794678 -115.488149]
 [  51.794696 -115.488155]
 [  51.794703 -115.488153]
 ...
 [  51.784426 -115.421682]
 [  51.784366 -115.421699]
 [  51.784414 -115.421589]]","{'lr': 0.0001, 'nodes': 128, 'layers': 3}",0.031626124056390474,0.04732295971554175,0.0708128611327581,0.10587008661930547,6.748308111041222,4.705303304937702
