mse,predictions,actual,best_params,MAE_Latitude,RMSE_Latitude,MAE_Longitude,RMSE_Longitude,Mean_Haversine_Distance,Median_Haversine_Distance
0.011474931259120105,"[[  51.738166   -115.6569898 ]
 [  51.73792158 -115.6570167 ]
 [  51.73792422 -115.65747871]
 ...
 [  51.77165034 -115.71242092]
 [  51.77165034 -115.71242092]
 [  51.77165034 -115.71242092]]","[[  51.7413983 -115.6620075]
 [  51.7462442 -115.6692128]
 [  51.7466539 -115.6784744]
 ...
 [  51.7872953 -115.6356628]
 [  51.7875069 -115.6354481]
 [  51.7874036 -115.6357314]]","{'lr': 0.0001, 'nodes': 128, 'layers': 3}",0.03594262946757371,0.04093271492675564,0.12898356177339423,0.14585738022796496,9.949960527831275,8.088085369382073
