mse,predictions,actual,best_params,MAE_Latitude,RMSE_Latitude,MAE_Longitude,RMSE_Longitude,Mean_Haversine_Distance,Median_Haversine_Distance
0.03714974511524263,"[[  51.72656628 -115.58882767]
 [  51.72670371 -115.58939436]
 [  51.72662909 -115.58957486]
 ...
 [  51.64897544 -115.49238913]
 [  51.64901225 -115.49233128]
 [  51.64904926 -115.49227315]]","[[  51.7379292 -115.6194158]
 [  51.7377836 -115.6185531]
 [  51.7381394 -115.6188856]
 ...
 [  51.7481528 -115.6983978]
 [  51.7475714 -115.6995072]
 [  51.7518994 -115.6979919]]","{'lr': 0.0001, 'nodes': 128, 'layers': 3}",0.1275168339889566,0.1405053389379509,0.1715412209254501,0.23357598326972054,19.170167825350024,13.101809678201949
