mse,predictions,actual,best_params,MAE_Latitude,RMSE_Latitude,MAE_Longitude,RMSE_Longitude,Mean_Haversine_Distance,Median_Haversine_Distance
0.024540286420192715,"[[  51.65275875 -115.90743275]
 [  51.65192708 -115.90955575]
 [  51.65109667 -115.91162832]
 ...
 [  51.60522554 -116.00894628]
 [  51.60522549 -116.00894633]
 [  51.60522547 -116.00894639]]","[[  51.6631911 -115.8383003]
 [  51.6621364 -115.8335083]
 [  51.66219   -115.8335433]
 ...
 [  51.6238025 -115.9308264]
 [  51.6344733 -115.9328094]
 [  51.6242111 -115.9314692]]","{'lr': 0.0001, 'nodes': 128, 'layers': 3}",0.05583299657466644,0.06625210552855174,0.18957006136042218,0.21140300696399533,15.323835537628174,14.4415849059744
