mse,predictions,actual,best_params,MAE_Latitude,RMSE_Latitude,MAE_Longitude,RMSE_Longitude,Mean_Haversine_Distance,Median_Haversine_Distance
0.04658740756732226,"[[  51.56180971 -116.09365324]
 [  51.56208362 -116.09315761]
 [  51.56271863 -116.09186801]
 ...
 [  51.66755853 -115.87578334]
 [  51.66755853 -115.87578334]
 [  51.66755853 -115.87578328]]","[[  51.5502456 -116.1557822]
 [  51.5502044 -116.1556867]
 [  51.5522331 -116.1542056]
 ...
 [  51.6609867 -115.7866658]
 [  51.6690133 -115.7679517]
 [  51.6689381 -115.7678328]]","{'lr': 0.0001, 'nodes': 128, 'layers': 3}",0.08628498434945574,0.1014439485345662,0.25557230326391056,0.2878957110489156,21.02747585871013,20.70526442621307
