mse,predictions,actual,best_params,MAE_Latitude,RMSE_Latitude,MAE_Longitude,RMSE_Longitude,Mean_Haversine_Distance,Median_Haversine_Distance
0.016479137527239673,"[[  51.79869007 -115.64903367]
 [  51.7980098  -115.64906845]
 [  51.79707625 -115.64852726]
 ...
 [  51.73189847 -115.57587714]
 [  51.73189848 -115.57587718]
 [  51.73189848 -115.57587714]]","[[  51.7243781 -115.5950567]
 [  51.7338517 -115.5503311]
 [  51.7446458 -115.5506397]
 ...
 [  51.7874111 -115.6359331]
 [  51.7873542 -115.635665 ]
 [  51.7875292 -115.6354694]]","{'lr': 0.0001, 'nodes': 128, 'layers': 3}",0.04827315313541936,0.06840282021822382,0.10837349008523542,0.16816458973479734,9.616215201159616,4.877987488628888
