mse,predictions,actual,best_params,MAE_Latitude,RMSE_Latitude,MAE_Longitude,RMSE_Longitude,Mean_Haversine_Distance,Median_Haversine_Distance
0.017016785937323465,"[[  51.59331343 -115.62004469]
 [  51.59328691 -115.61990887]
 [  51.59314164 -115.61958755]
 ...
 [  51.39413281 -115.62452153]
 [  51.39413281 -115.62452152]
 [  51.39413281 -115.62452152]]","[[  51.5994044 -115.6272939]
 [  51.5996375 -115.6275153]
 [  51.5996128 -115.6271039]
 ...
 [  51.5446164 -115.7317386]
 [  51.5446539 -115.7319833]
 [  51.5436356 -115.7267492]]","{'lr': 0.0001, 'nodes': 128, 'layers': 3}",0.14188692569312278,0.16441681841537267,0.07007187928212845,0.08367007647189835,16.95124428647048,18.307237000581672
