mse,predictions,actual,best_params,MAE_Latitude,RMSE_Latitude,MAE_Longitude,RMSE_Longitude,Mean_Haversine_Distance,Median_Haversine_Distance
0.01877436026435252,"[[  51.62059048 -115.56167251]
 [  51.62071963 -115.55489497]
 [  51.62119007 -115.54970367]
 ...
 [  51.7157152  -115.6607482 ]
 [  51.71578535 -115.66068875]
 [  51.71585563 -115.66062917]]","[[  51.645778 -115.472971]
 [  51.645507 -115.470309]
 [  51.659372 -115.47507 ]
 ...
 [  51.644949 -115.564538]
 [  51.640697 -115.570173]
 [  51.621556 -115.559339]]","{'lr': 0.0001, 'nodes': 128, 'layers': 3}",0.12139899604574396,0.15749115527503946,0.09988105487583628,0.11289489155333136,16.72013379496811,14.707697951728335
