mse,predictions,actual,best_params,MAE_Latitude,RMSE_Latitude,MAE_Longitude,RMSE_Longitude,Mean_Haversine_Distance,Median_Haversine_Distance
8033.6131394982085,"[[  51.18606  -115.726456]
 [  51.190464 -115.72739 ]
 [  51.19115  -115.730354]
 ...
 [  51.359818 -115.519875]
 [  51.363243 -115.50741 ]
 [  51.376553 -115.522705]]","[[  51.224965  -115.7855097]
 [  51.2259767 -115.7855211]
 [  51.2259594 -115.7857789]
 ...
 [  51.1339683 -115.686495 ]
 [  51.1341239 -115.6862997]
 [  51.1372492 -115.6798625]]","{'lr': 0.001, 'nodes': 32, 'layers': 3}",0.19086202862591276,0.2126850270232891,0.2844583067305397,0.33828719639181426,31.25630873832579,31.881846879030682
