mse,predictions,actual,best_params,MAE_Latitude,RMSE_Latitude,MAE_Longitude,RMSE_Longitude,Mean_Haversine_Distance,Median_Haversine_Distance
0.09612182886580398,"[[  51.63907534 -115.4943889 ]
 [  51.64213964 -115.49812859]
 [  51.64513471 -115.50348328]
 ...
 [  51.85330281 -115.91483268]
 [  51.85330284 -115.91483268]
 [  51.85330274 -115.91483261]]","[[  51.645807 -115.472888]
 [  51.645833 -115.472906]
 [  51.645778 -115.472971]
 ...
 [  51.644949 -115.564538]
 [  51.640697 -115.570173]
 [  51.621556 -115.559339]]","{'lr': 0.001, 'nodes': 64, 'layers': 3}",0.2718984069343703,0.2944408190732534,0.3049438946004455,0.32488191977252223,37.68183604273735,37.51631321939338
