mse,predictions,actual,best_params,MAE_Latitude,RMSE_Latitude,MAE_Longitude,RMSE_Longitude,Mean_Haversine_Distance,Median_Haversine_Distance
0.03530714206802867,"[[  51.79339677 -115.49244091]
 [  51.79229718 -115.49264542]
 [  51.79396522 -115.49514845]
 ...
 [  51.71289761 -115.61329817]
 [  51.71289761 -115.61329817]
 [  51.71289761 -115.61329817]]","[[  51.794591 -115.487984]
 [  51.794501 -115.488023]
 [  51.794678 -115.488149]
 ...
 [  51.784426 -115.421682]
 [  51.784366 -115.421699]
 [  51.784414 -115.421589]]","{'lr': 0.001, 'nodes': 128, 'layers': 3}",0.029897082777199845,0.046236504905831484,0.2358988181938211,0.26168009047336865,16.89693178177147,15.897877667603938
