mse,predictions,actual,best_params,MAE_Latitude,RMSE_Latitude,MAE_Longitude,RMSE_Longitude,Mean_Haversine_Distance,Median_Haversine_Distance
0.023536302883600747,"[[  51.53937059 -116.14251356]
 [  51.54072488 -116.13439349]
 [  51.54311264 -116.12522433]
 ...
 [  51.6025898  -115.99214648]
 [  51.60258981 -115.99214648]
 [  51.6025898  -115.99214648]]","[[  51.5496203 -116.1598492]
 [  51.5503628 -116.1557106]
 [  51.5502456 -116.1557822]
 ...
 [  51.6609867 -115.7866658]
 [  51.6690133 -115.7679517]
 [  51.6689381 -115.7678328]]","{'lr': 0.001, 'nodes': 32, 'layers': 3}",0.058034157955568134,0.07079705334171102,0.17905540352601143,0.20508628185554575,14.915247578123058,12.481618397181567
