mse,predictions,actual,best_params,MAE_Latitude,RMSE_Latitude,MAE_Longitude,RMSE_Longitude,Mean_Haversine_Distance,Median_Haversine_Distance
0.13379027042345074,"[[  51.79371126 -115.63630886]
 [  51.78247066 -115.61707603]
 [  51.7718863  -115.59418005]
 ...
 [  51.66808392 -115.16336477]
 [  51.66808393 -115.16336477]
 [  51.66808391 -115.16336486]]","[[  51.8020769 -115.6531203]
 [  51.7748147 -115.6291528]
 [  51.7243781 -115.5950567]
 ...
 [  51.7874111 -115.6359331]
 [  51.7873542 -115.635665 ]
 [  51.7875292 -115.6354694]]","{'lr': 0.001, 'nodes': 256, 'layers': 3}",0.10531723627762223,0.11906889416311148,0.48094829606264117,0.5033916360942792,35.42166303870736,31.82143310860028
