mse,predictions,actual,best_params,MAE_Latitude,RMSE_Latitude,MAE_Longitude,RMSE_Longitude,Mean_Haversine_Distance,Median_Haversine_Distance
0.011327230941032895,"[[  51.80310007 -115.43824931]
 [  51.80582456 -115.44114867]
 [  51.80808612 -115.44335933]
 ...
 [  51.86400702 -115.48296928]
 [  51.86400699 -115.48296931]
 [  51.86400699 -115.48296931]]","[[  51.894794 -115.458582]
 [  51.895223 -115.458453]
 [  51.895111 -115.458526]
 ...
 [  51.891727 -115.460463]
 [  51.941368 -115.403011]
 [  51.942048 -115.403079]]","{'lr': 0.001, 'nodes': 64, 'layers': 3}",0.09695676060250225,0.11168998983071016,0.08661768236282531,0.10089503483165894,12.627370107202625,12.101931751801821
