mse,predictions,actual,best_params,MAE_Latitude,RMSE_Latitude,MAE_Longitude,RMSE_Longitude,Mean_Haversine_Distance,Median_Haversine_Distance
0.047345831556147314,"[[  51.65513704 -115.90082624]
 [  51.65540384 -115.88722995]
 [  51.65731941 -115.87018873]
 ...
 [  51.56603343 -115.7633371 ]
 [  51.56603344 -115.76333721]
 [  51.56603343 -115.76333721]]","[[  51.6680086 -115.8855778]
 [  51.6679531 -115.8588436]
 [  51.6631911 -115.8383003]
 ...
 [  51.6238025 -115.9308264]
 [  51.6344733 -115.9328094]
 [  51.6242111 -115.9314692]]","{'lr': 0.001, 'nodes': 128, 'layers': 7}",0.0785032697482515,0.09226408436601802,0.21097042625782172,0.293562602945939,19.560881518796858,13.43048061130777
