mse,predictions,actual,best_params,MAE_Latitude,RMSE_Latitude,MAE_Longitude,RMSE_Longitude,Mean_Haversine_Distance,Median_Haversine_Distance
24739.459583980642,"[[  51.18605784 -115.72199221]
 [  51.18568806 -115.71167188]
 [  51.18425798 -115.69857658]
 ...
 [ 289.38654647  641.34840935]
 [ 291.6037187   648.39346496]
 [ 293.84147178  655.50393797]]","[[  51.224965  -115.7855097]
 [  51.2259767 -115.7855211]
 [  51.2259594 -115.7857789]
 ...
 [  51.1339683 -115.686495 ]
 [  51.1341239 -115.6862997]
 [  51.1372492 -115.6798625]]","{'lr': 0.001, 'nodes': 256, 'layers': 3}",36.32104900840294,66.7712908332887,115.61474498746892,212.18038054546346,3318.411152223966,1920.1270646394105
