mse,predictions,actual,best_params,MAE_Latitude,RMSE_Latitude,MAE_Longitude,RMSE_Longitude,Mean_Haversine_Distance,Median_Haversine_Distance
0.01453322925141136,"[[  51.72826445 -115.66219966]
 [  51.72934123 -115.66709136]
 [  51.72952527 -115.67187375]
 ...
 [  51.72178079 -115.7406085 ]
 [  51.72178079 -115.7406085 ]
 [  51.7217808  -115.7406085 ]]","[[  51.7350386 -115.6605586]
 [  51.7368622 -115.6621897]
 [  51.7413983 -115.6620075]
 ...
 [  51.7872953 -115.6356628]
 [  51.7875069 -115.6354481]
 [  51.7874036 -115.6357314]]","{'lr': 0.001, 'nodes': 256, 'layers': 3}",0.02553797163493638,0.036566808128220565,0.15009265872048755,0.16652125103462503,11.282809320932419,9.159088110037827
