mse,predictions,actual,best_params,MAE_Latitude,RMSE_Latitude,MAE_Longitude,RMSE_Longitude,Mean_Haversine_Distance,Median_Haversine_Distance
0.1749477083226444,"[[  51.74768091 -115.61185317]
 [  51.75417031 -115.61189765]
 [  51.76110589 -115.60835588]
 ...
 [  52.27838705 -116.02126204]
 [  52.27838705 -116.02126197]
 [  52.27838705 -116.02126206]]","[[  51.7379186 -115.6187992]
 [  51.7377786 -115.6189464]
 [  51.7379292 -115.6194158]
 ...
 [  51.7481528 -115.6983978]
 [  51.7475714 -115.6995072]
 [  51.7518994 -115.6979919]]","{'lr': 0.001, 'nodes': 256, 'layers': 3}",0.4503307475333054,0.4670526352978816,0.32626134900929105,0.36298381851894285,55.4712559498416,63.04651254828485
