mse,predictions,actual,best_params,MAE_Latitude,RMSE_Latitude,MAE_Longitude,RMSE_Longitude,Mean_Haversine_Distance,Median_Haversine_Distance
0.011943167231185662,"[[  51.60212999 -115.6320746 ]
 [  51.60501607 -115.63893912]
 [  51.60664636 -115.64682093]
 ...
 [  51.58424684 -115.68861124]
 [  51.58424686 -115.68861125]
 [  51.58424686 -115.68861124]]","[[  51.5994453 -115.6267678]
 [  51.5993436 -115.6272653]
 [  51.5994044 -115.6272939]
 ...
 [  51.5446164 -115.7317386]
 [  51.5446539 -115.7319833]
 [  51.5436356 -115.7267492]]","{'lr': 0.001, 'nodes': 256, 'layers': 3}",0.07187277360442434,0.10334658894239541,0.09417958072938165,0.11491656545660804,11.40938569295408,12.037118576349775
