mse,predictions,actual,best_params,MAE_Latitude,RMSE_Latitude,MAE_Longitude,RMSE_Longitude,Mean_Haversine_Distance,Median_Haversine_Distance
0.004367120882177254,"[[  51.78508654 -115.41159885]
 [  51.78541538 -115.41305301]
 [  51.78482716 -115.41368451]
 ...
 [  51.75749172 -115.38652631]
 [  51.75749172 -115.38652632]
 [  51.75749172 -115.38652631]]","[[  51.894794 -115.458582]
 [  51.895223 -115.458453]
 [  51.895111 -115.458526]
 ...
 [  51.891727 -115.460463]
 [  51.941368 -115.403011]
 [  51.942048 -115.403079]]","{'lr': 0.0001, 'nodes': 128, 'layers': 3}",0.060915706564084904,0.07245734664925174,0.04313775588947013,0.0590268979441125,7.806881152653637,6.678972622501361
