mse,predictions,actual,best_params,MAE_Latitude,RMSE_Latitude,MAE_Longitude,RMSE_Longitude,Mean_Haversine_Distance,Median_Haversine_Distance
0.09750286145107692,"[[  51.17939559 -115.70267547]
 [  51.18012765 -115.70386947]
 [  51.18134939 -115.705948  ]
 ...
 [  51.24889753 -115.31120233]
 [  51.24889753 -115.31120233]
 [  51.24889758 -115.31120226]]","[[  51.224965  -115.7855097]
 [  51.2259767 -115.7855211]
 [  51.2259594 -115.7857789]
 ...
 [  51.1339683 -115.686495 ]
 [  51.1341239 -115.6862997]
 [  51.1372492 -115.6798625]]","{'lr': 0.0001, 'nodes': 128, 'layers': 3}",0.11488476475878717,0.13353252405843774,0.3731073170461797,0.42092135598082525,30.31493545203866,30.36717062758917
