mse,predictions,actual,best_params,MAE_Latitude,RMSE_Latitude,MAE_Longitude,RMSE_Longitude,Mean_Haversine_Distance,Median_Haversine_Distance
0.025900038216812304,"[[  51.73193684 -115.59417712]
 [  51.73205929 -115.59470985]
 [  51.73196438 -115.59515125]
 ...
 [  51.61457766 -115.62775964]
 [  51.61455602 -115.62778386]
 [  51.61453458 -115.62780798]]","[[  51.7379186 -115.6187992]
 [  51.7377786 -115.6189464]
 [  51.7379292 -115.6194158]
 ...
 [  51.7481528 -115.6983978]
 [  51.7475714 -115.6995072]
 [  51.7518994 -115.6979919]]","{'lr': 0.0001, 'nodes': 128, 'layers': 3}",0.13438312493443488,0.15016644148777783,0.12302920725694538,0.17102665372544243,17.735245668274825,14.291943581414726
