mse,predictions,actual,best_params,MAE_Latitude,RMSE_Latitude,MAE_Longitude,RMSE_Longitude,Mean_Haversine_Distance,Median_Haversine_Distance
0.018479844218506594,"[[  51.64069199 -115.50838656]
 [  51.64073638 -115.50828643]
 [  51.64063116 -115.50873849]
 [  51.64039167 -115.50959663]
 [  51.64005558 -115.51092621]
 [  51.63965059 -115.51257757]
 [  51.63921384 -115.51443478]
 [  51.63878156 -115.51643115]
 [  51.63836921 -115.51850452]
 [  51.63798503 -115.52060943]
 [  51.6376415  -115.52258038]
 [  51.63734072 -115.52447076]
 [  51.63707895 -115.52627002]
 [  51.63685716 -115.52796205]
 [  51.63667447 -115.52950235]
 [  51.63651702 -115.53100413]]","[[  51.7457811 -115.3851939]
 [  51.7385081 -115.3993458]
 [  51.7118861 -115.3799564]
 [  51.7117653 -115.3793461]
 [  51.7086225 -115.3725219]
 [  51.7086119 -115.3723942]
 [  51.7147928 -115.3853028]
 [  51.7125603 -115.3812831]
 [  51.7107703 -115.3801153]
 [  51.6957728 -115.3217844]
 [  51.6772731 -115.3005525]
 [  51.6777728 -115.3008825]
 [  51.6625753 -115.3026642]
 [  51.6638328 -115.3006606]
 [  51.6639925 -115.2738619]
 [  51.6637267 -115.2741258]]","{'lr': 0.0001, 'nodes': 128, 'layers': 3}",0.05935172247253151,0.06424475135178365,0.17376812944112352,0.18119685527282386,14.244674317185511,13.828912715517383
