mse,predictions,actual,best_params,MAE_Latitude,RMSE_Latitude,MAE_Longitude,RMSE_Longitude,Mean_Haversine_Distance,Median_Haversine_Distance
0.01810141201377095,"[[  51.62435122 -115.57639259]
 [  51.62408522 -115.56809962]
 [  51.6242383  -115.56107009]
 ...
 [  51.60883602 -115.74098648]
 [  51.60883482 -115.74098789]
 [  51.60883369 -115.74098926]]","[[  51.645807 -115.472888]
 [  51.645833 -115.472906]
 [  51.645778 -115.472971]
 ...
 [  51.644949 -115.564538]
 [  51.640697 -115.570173]
 [  51.621556 -115.559339]]","{'lr': 0.0001, 'nodes': 128, 'layers': 3}",0.07484268074565237,0.10717711329518331,0.1441452837953391,0.15721288246595239,14.677878556163352,14.230613882931678
