mse,predictions,actual,best_params,MAE_Latitude,RMSE_Latitude,MAE_Longitude,RMSE_Longitude,Mean_Haversine_Distance,Median_Haversine_Distance
8070.325355418214,"[[  51.552094 -116.13076 ]
 [  51.55741  -116.122   ]
 [  51.559025 -116.13381 ]
 ...
 [  51.664646 -115.95656 ]
 [  51.664623 -115.95648 ]
 [  51.664635 -115.95652 ]]","[[  51.5522331 -116.1542056]
 [  51.5522508 -116.1541444]
 [  51.5523025 -116.1541761]
 ...
 [  51.6609867 -115.7866658]
 [  51.6690133 -115.7679517]
 [  51.6689381 -115.7678328]]","{'lr': 0.001, 'nodes': 64, 'layers': 3}",0.07776355651470858,0.09270097579768814,0.20625250575101675,0.23542067362706737,17.897614448462726,17.38858057467437
