mse,predictions,actual,best_params,MAE_Latitude,RMSE_Latitude,MAE_Longitude,RMSE_Longitude,Mean_Haversine_Distance,Median_Haversine_Distance
8048.266209677135,"[[  51.7952   -115.483475]
 [  51.797047 -115.480705]
 [  51.798813 -115.47698 ]
 ...
 [  51.859413 -115.52883 ]
 [  51.859528 -115.52955 ]
 [  51.859592 -115.53028 ]]","[[  51.794703 -115.488153]
 [  51.794732 -115.488168]
 [  51.794707 -115.488229]
 ...
 [  51.784426 -115.421682]
 [  51.784366 -115.421699]
 [  51.784414 -115.421589]]","{'lr': 0.001, 'nodes': 128, 'layers': 3}",0.12924417649842979,0.13858284041521737,0.16451306158868434,0.19899295698569253,18.840291630898236,17.693358738242516
