mse,predictions,actual,best_params,MAE_Latitude,RMSE_Latitude,MAE_Longitude,RMSE_Longitude,Mean_Haversine_Distance,Median_Haversine_Distance
8089.050405058155,"[[  51.617123 -115.52025 ]
 [  51.615658 -115.52352 ]
 [  51.61699  -115.524475]
 ...
 [  52.18216  -115.507675]
 [  52.18261  -115.51384 ]
 [  52.183018 -115.51955 ]]","[[  51.659372 -115.47507 ]
 [  51.665444 -115.48705 ]
 [  51.664335 -115.494131]
 ...
 [  51.644949 -115.564538]
 [  51.640697 -115.570173]
 [  51.621556 -115.559339]]","{'lr': 0.0001, 'nodes': 128, 'layers': 3}",0.27109720356450645,0.3192008283697671,0.07469678085980132,0.1027968661288298,30.85115619837762,32.45712364366214
