mse,predictions,actual,best_params,MAE_Latitude,RMSE_Latitude,MAE_Longitude,RMSE_Longitude,Mean_Haversine_Distance,Median_Haversine_Distance
0.005332158617904615,"[[  51.77245815 -115.40365775]
 [  51.76986236 -115.40614162]
 [  51.76792687 -115.4080911 ]
 ...
 [  51.73561865 -115.43570793]
 [  51.73561862 -115.435708  ]
 [  51.73561857 -115.43570805]]","[[  51.894794 -115.458582]
 [  51.895223 -115.458453]
 [  51.895111 -115.458526]
 ...
 [  51.891727 -115.460463]
 [  51.941368 -115.403011]
 [  51.942048 -115.403079]]","{'lr': 1e-05, 'nodes': 128, 'layers': 3}",0.06217117767205335,0.07929096354880535,0.05058717058811051,0.06616086709914894,8.553495758590408,7.453602983807292
