mse,predictions,actual,best_params,MAE_Latitude,RMSE_Latitude,MAE_Longitude,RMSE_Longitude,Mean_Haversine_Distance,Median_Haversine_Distance
0.07401106230742117,"[[  51.65433981 -115.65505087]
 [  51.65799816 -115.6485516 ]
 [  51.66186498 -115.64263116]
 ...
 [  51.48294889 -115.95369452]
 [  51.48294889 -115.95369454]
 [  51.48294889 -115.95369454]]","[[  51.645807 -115.472888]
 [  51.645833 -115.472906]
 [  51.645778 -115.472971]
 ...
 [  51.644949 -115.564538]
 [  51.640697 -115.570173]
 [  51.621556 -115.559339]]","{'lr': 1e-05, 'nodes': 128, 'layers': 3}",0.1052961589526991,0.11858192576584131,0.3574468962225054,0.36600608122885986,27.75911125480036,27.63608694818277
