test_accuracy,haversine_accuracy
"{'MAE_lat': 0.1533827259899431, 'RMSE_lat': 0.17944551606835518, 'MAE_long': 0.1603340323615948, 'RMSE_long': 0.18305228990857966}","{'Mean_Haversine_Distance': 47.715310959681474, 'Median_Haversine_Distance': 48.60227268807348}"
