mse,predictions,actual,best_params,MAE_Latitude,RMSE_Latitude,MAE_Longitude,RMSE_Longitude,Mean_Haversine_Distance,Median_Haversine_Distance
8088.204610920352,"[[  51.627094 -115.5041  ]
 [  51.631752 -115.51647 ]
 [  51.634144 -115.52201 ]
 ...
 [  51.554653 -115.63486 ]
 [  51.554653 -115.63486 ]
 [  51.554653 -115.63486 ]]","[[  51.645807 -115.472888]
 [  51.645833 -115.472906]
 [  51.645778 -115.472971]
 ...
 [  51.644949 -115.564538]
 [  51.640697 -115.570173]
 [  51.621556 -115.559339]]","{'lr': 0.001, 'nodes': 128, 'layers': 3}",0.08571483171174422,0.09604751753118046,0.0699866879484753,0.07964379485290364,11.201088384485752,12.181604377404916
