mse,predictions,actual,best_params,MAE_Latitude,RMSE_Latitude,MAE_Longitude,RMSE_Longitude,Mean_Haversine_Distance,Median_Haversine_Distance
8022.682299785085,"[[  51.6033   -115.62065 ]
 [  51.606216 -115.612885]
 [  51.609676 -115.60465 ]
 ...
 [  51.626945 -115.46795 ]
 [  51.629086 -115.449936]
 [  51.630604 -115.43151 ]]","[[  51.5994453 -115.6267678]
 [  51.5993436 -115.6272653]
 [  51.5994044 -115.6272939]
 ...
 [  51.5446164 -115.7317386]
 [  51.5446539 -115.7319833]
 [  51.5436356 -115.7267492]]","{'lr': 0.0001, 'nodes': 256, 'layers': 7}",0.07796297791882682,0.1159611454989269,0.18037153197939051,0.20868713689571777,17.0744935198268,16.362312948045727
