mse,predictions,actual,best_params
7982.47194771102,"[[  51.743534 -115.59499 ]
 [  51.74382  -115.58782 ]
 [  51.744144 -115.582115]
 ...
 [  51.59594  -115.25167 ]
 [  51.59594  -115.25167 ]
 [  51.59594  -115.25167 ]]","[[  51.7379186 -115.6187992]
 [  51.7377786 -115.6189464]
 [  51.7379292 -115.6194158]
 ...
 [  51.7481528 -115.6983978]
 [  51.7475714 -115.6995072]
 [  51.7518994 -115.6979919]]","{'lr': 0.001, 'nodes': 256, 'layers': 5}"
