mse,predictions,actual,best_params
8076.590645379611,"[[  51.54226  -116.144905]
 [  51.54658  -116.136   ]
 [  51.55072  -116.12746 ]
 ...
 [  51.80552  -115.95521 ]
 [  51.80552  -115.95521 ]
 [  51.80552  -115.95521 ]]","[[  51.5496203 -116.1598492]
 [  51.5503628 -116.1557106]
 [  51.5502456 -116.1557822]
 ...
 [  51.6609867 -115.7866658]
 [  51.6690133 -115.7679517]
 [  51.6689381 -115.7678328]]","{'lr': 0.0001, 'nodes': 256, 'layers': 3}"
