mse,predictions,actual,best_params
8047.895035814541,"[[  51.738308 -115.37212 ]
 [  51.713623 -115.36369 ]
 [  51.70885  -115.35284 ]
 [  51.696392 -115.33515 ]
 [  51.68234  -115.33493 ]
 [  51.677525 -115.33303 ]
 [  51.680496 -115.33947 ]
 [  51.68327  -115.34058 ]
 [  51.68538  -115.34822 ]
 [  51.68214  -115.36271 ]
 [  51.68476  -115.35672 ]
 [  51.683784 -115.36281 ]
 [  51.67861  -115.37093 ]
 [  51.67012  -115.37588 ]
 [  51.670208 -115.36615 ]
 [  51.67806  -115.367836]]","[[  51.7457811 -115.3851939]
 [  51.7385081 -115.3993458]
 [  51.7118861 -115.3799564]
 [  51.7117653 -115.3793461]
 [  51.7086225 -115.3725219]
 [  51.7086119 -115.3723942]
 [  51.7147928 -115.3853028]
 [  51.7125603 -115.3812831]
 [  51.7107703 -115.3801153]
 [  51.6957728 -115.3217844]
 [  51.6772731 -115.3005525]
 [  51.6777728 -115.3008825]
 [  51.6625753 -115.3026642]
 [  51.6638328 -115.3006606]
 [  51.6639925 -115.2738619]
 [  51.6637267 -115.2741258]]","{'lr': 0.001, 'nodes': 64, 'layers': 7}"
