mse,predictions,actual,best_params,MAE_Latitude,RMSE_Latitude,MAE_Longitude,RMSE_Longitude,Mean_Haversine_Distance,Median_Haversine_Distance
0.0233676679772814,"[[  51.66274894 -115.89460063]
 [  51.66201055 -115.89734779]
 [  51.66180067 -115.89923422]
 ...
 [  51.63403402 -115.97763107]
 [  51.63403395 -115.97763122]
 [  51.6340339  -115.97763133]]","[[  51.6680086 -115.8855778]
 [  51.6679531 -115.8588436]
 [  51.6631911 -115.8383003]
 ...
 [  51.6238025 -115.9308264]
 [  51.6344733 -115.9328094]
 [  51.6242111 -115.9314692]]","{'lr': 0.0001, 'nodes': 128, 'layers': 3}",0.04294662257937929,0.05645667566356617,0.17949630648459144,0.2086815270396057,14.274037899840247,12.424312798918134
