mse,predictions,actual,best_params,MAE_Latitude,RMSE_Latitude,MAE_Longitude,RMSE_Longitude,Mean_Haversine_Distance,Median_Haversine_Distance
8050.234960086308,"[[  51.59615  -115.63619 ]
 [  51.593533 -115.64365 ]
 [  51.59082  -115.65219 ]
 ...
 [  51.39394  -115.78147 ]
 [  51.39111  -115.78187 ]
 [  51.388138 -115.78207 ]]","[[  51.5994453 -115.6267678]
 [  51.5993436 -115.6272653]
 [  51.5994044 -115.6272939]
 ...
 [  51.5446164 -115.7317386]
 [  51.5446539 -115.7319833]
 [  51.5436356 -115.7267492]]","{'lr': 0.001, 'nodes': 256, 'layers': 3}",0.16866280229854244,0.1871788911074818,0.15772403580617508,0.1751331821973663,22.523383698180584,22.500371471062767
