mse,predictions,actual,best_params,MAE_Latitude,RMSE_Latitude,MAE_Longitude,RMSE_Longitude,Mean_Haversine_Distance,Median_Haversine_Distance
8044.635807064948,"[[  51.758152 -115.31365 ]
 [  51.767612 -115.30521 ]
 [  51.760788 -115.30429 ]
 [  51.755737 -115.30162 ]
 [  51.752087 -115.296844]
 [  51.753834 -115.29626 ]
 [  51.74877  -115.29934 ]
 [  51.738907 -115.3042  ]
 [  51.7388   -115.302734]
 [  51.743984 -115.29597 ]
 [  51.742207 -115.29508 ]
 [  51.743664 -115.29571 ]
 [  51.74526  -115.29669 ]
 [  51.744015 -115.29675 ]
 [  51.74861  -115.29767 ]
 [  51.75288  -115.29507 ]]","[[  51.7457811 -115.3851939]
 [  51.7385081 -115.3993458]
 [  51.7118861 -115.3799564]
 [  51.7117653 -115.3793461]
 [  51.7086225 -115.3725219]
 [  51.7086119 -115.3723942]
 [  51.7147928 -115.3853028]
 [  51.7125603 -115.3812831]
 [  51.7107703 -115.3801153]
 [  51.6957728 -115.3217844]
 [  51.6772731 -115.3005525]
 [  51.6777728 -115.3008825]
 [  51.6625753 -115.3026642]
 [  51.6638328 -115.3006606]
 [  51.6639925 -115.2738619]
 [  51.6637267 -115.2741258]]","{'lr': 0.0001, 'nodes': 256, 'layers': 7}",0.05169147014770514,0.056541021873616475,0.05015034921264938,0.060399655939699856,7.417309773945693,7.246456272548426
