mse,predictions,actual,best_params,MAE_Latitude,RMSE_Latitude,MAE_Longitude,RMSE_Longitude,Mean_Haversine_Distance,Median_Haversine_Distance
0.005388442191548804,"[[  51.72895024 -115.64508521]
 [  51.72936358 -115.64762812]
 [  51.73122755 -115.64798342]
 ...
 [  51.74590042 -115.59791092]
 [  51.74590041 -115.59791092]
 [  51.74590042 -115.59791097]]","[[  51.7285592 -115.6513314]
 [  51.7325028 -115.6567214]
 [  51.7350386 -115.6605586]
 ...
 [  51.7872953 -115.6356628]
 [  51.7875069 -115.6354481]
 [  51.7874036 -115.6357314]]","{'lr': 0.001, 'nodes': 128, 'layers': 3}",0.02027294946689317,0.029702344387627744,0.06005893962034397,0.09947188105679093,4.913178923100277,2.6760081247457173
