mse,predictions,actual,best_params,MAE_Latitude,RMSE_Latitude,MAE_Longitude,RMSE_Longitude,Mean_Haversine_Distance,Median_Haversine_Distance
0.015110892780078461,"[[  51.73834853 -115.61637458]
 [  51.73995548 -115.61988743]
 [  51.7416262  -115.62343994]
 ...
 [  51.75834351 -115.63565053]
 [  51.75834355 -115.63565053]
 [  51.75834355 -115.6356505 ]]","[[  51.7378086 -115.6188442]
 [  51.7375644 -115.6191978]
 [  51.7379186 -115.6187992]
 ...
 [  51.7481528 -115.6983978]
 [  51.7475714 -115.6995072]
 [  51.7518994 -115.6979919]]","{'lr': 0.001, 'nodes': 128, 'layers': 3}",0.044513434108532646,0.059661074291734825,0.12558231339583545,0.16328607342487295,10.374229275917738,7.00642078167608
