mse,predictions,actual,best_params,MAE_Latitude,RMSE_Latitude,MAE_Longitude,RMSE_Longitude,Mean_Haversine_Distance,Median_Haversine_Distance
0.02170976388834889,"[[  51.78836777 -115.41504568]
 [  51.7888536  -115.40876689]
 [  51.78949606 -115.40224588]
 ...
 [  51.68413932 -115.23221666]
 [  51.68413931 -115.23221666]
 [  51.68413928 -115.23221666]]","[[  51.797948 -115.43266 ]
 [  51.870254 -115.437983]
 [  51.894794 -115.458582]
 ...
 [  51.891727 -115.460463]
 [  51.941368 -115.403011]
 [  51.942048 -115.403079]]","{'lr': 0.001, 'nodes': 128, 'layers': 3}",0.09072330917168417,0.11350628339772569,0.1647170094675923,0.17474510409717628,15.861345236104627,14.304011388750833
