mse,predictions,actual,best_params,MAE_Latitude,RMSE_Latitude,MAE_Longitude,RMSE_Longitude,Mean_Haversine_Distance,Median_Haversine_Distance
1.242250737046829,"[[  51.16775662 -115.68028001]
 [  51.16951942 -115.67822082]
 [  51.17155113 -115.67446853]
 ...
 [  51.88526745 -113.54947896]
 [  51.88598646 -113.54735786]
 [  51.88670497 -113.54523846]]","[[  51.1806189 -115.7244514]
 [  51.1997536 -115.7527278]
 [  51.224965  -115.7855097]
 ...
 [  51.1339683 -115.686495 ]
 [  51.1341239 -115.6862997]
 [  51.1372492 -115.6798625]]","{'lr': 0.0001, 'nodes': 256, 'layers': 3}",0.4314135139427626,0.48627853437464225,1.3849431895376711,1.4993447439131895,107.94235944928926,109.03131520516413
