mse,predictions,actual,best_params,MAE_Latitude,RMSE_Latitude,MAE_Longitude,RMSE_Longitude,Mean_Haversine_Distance,Median_Haversine_Distance
0.0719690428348393,"[[  51.54394915 -116.16066981]
 [  51.54834382 -116.16423342]
 [  51.55548686 -116.16230844]
 ...
 [  51.72186151 -115.80176749]
 [  51.72186146 -115.80176737]
 [  51.72186151 -115.80176749]]","[[  51.5370017 -116.15876  ]
 [  51.5511492 -116.1577894]
 [  51.5496203 -116.1598492]
 ...
 [  51.6609867 -115.7866658]
 [  51.6690133 -115.7679517]
 [  51.6689381 -115.7678328]]","{'lr': 0.001, 'nodes': 32, 'layers': 3}",0.13182944672950636,0.14638140305245798,0.30900292077327407,0.35001510040292905,26.823804917086985,29.540816630795916
