mse,predictions,actual,best_params,MAE_Latitude,RMSE_Latitude,MAE_Longitude,RMSE_Longitude,Mean_Haversine_Distance,Median_Haversine_Distance
1.4770121586763854,"[[  51.78525813 -115.51377202]
 [  51.78851713 -115.50989523]
 [  51.79049001 -115.50954081]
 ...
 [  54.72061424 -114.39254225]
 [  54.72463196 -114.39097705]
 [  54.7286518  -114.38941147]]","[[  51.792648 -115.490487]
 [  51.794674 -115.48817 ]
 [  51.794591 -115.487984]
 ...
 [  51.784426 -115.421682]
 [  51.784366 -115.421699]
 [  51.784414 -115.421589]]","{'lr': 0.0001, 'nodes': 256, 'layers': 3}",1.4041295240298652,1.6554843368723742,0.3735298899518627,0.46194797079650274,158.26171280956277,148.78047074621617
