mse,predictions,actual,best_params,MAE_Latitude,RMSE_Latitude,MAE_Longitude,RMSE_Longitude,Mean_Haversine_Distance,Median_Haversine_Distance
0.07574169988266562,"[[  51.66389207 -115.90367604]
 [  51.66666841 -115.90396901]
 [  51.66936446 -115.9056792 ]
 ...
 [  51.64257549 -116.30353271]
 [  51.64257491 -116.30353043]
 [  51.64257423 -116.30352812]]","[[  51.6561111 -115.9091156]
 [  51.65632   -115.9085464]
 [  51.6680086 -115.8855778]
 ...
 [  51.6238025 -115.9308264]
 [  51.6344733 -115.9328094]
 [  51.6242111 -115.9314692]]","{'lr': 0.001, 'nodes': 64, 'layers': 3}",0.05019710880434548,0.06224545868809282,0.33209157998236527,0.38419904039187847,24.25875585590895,29.82295568922521
