mse,predictions,actual,best_params,MAE_Latitude,RMSE_Latitude,MAE_Longitude,RMSE_Longitude,Mean_Haversine_Distance,Median_Haversine_Distance
0.01720203777818915,"[[  51.59324242 -115.62767209]
 [  51.58739015 -115.62825496]
 [  51.58084745 -115.62810342]
 ...
 [  51.4209214  -115.64672883]
 [  51.4209214  -115.64672883]
 [  51.42092141 -115.6467288 ]]","[[  51.5994014 -115.6272819]
 [  51.5996342 -115.6278761]
 [  51.5994453 -115.6267678]
 ...
 [  51.5446164 -115.7317386]
 [  51.5446539 -115.7319833]
 [  51.5436356 -115.7267492]]","{'lr': 0.001, 'nodes': 64, 'layers': 3}",0.1476671332526594,0.16233863837830298,0.07089349635498499,0.08972314108331735,17.544199387581827,18.842395996029925
