mse,predictions,actual,best_params,MAE_Latitude,RMSE_Latitude,MAE_Longitude,RMSE_Longitude,Mean_Haversine_Distance,Median_Haversine_Distance
0.014614533421552434,"[[  51.80093114 -115.64481148]
 [  51.8009993  -115.64340123]
 [  51.80129446 -115.64199454]
 ...
 [  51.78378294 -115.58797218]
 [  51.78378294 -115.58797218]
 [  51.78378294 -115.58797218]]","[[  51.8013208 -115.6507192]
 [  51.8020328 -115.6529428]
 [  51.8020769 -115.6531203]
 ...
 [  51.7874111 -115.6359331]
 [  51.7873542 -115.635665 ]
 [  51.7875292 -115.6354694]]","{'lr': 0.001, 'nodes': 256, 'layers': 3}",0.04846388418654251,0.055987401706912215,0.10387938970693347,0.16153785219945732,9.791630890214153,6.072733206617248
