mse,predictions,actual,best_params,MAE_Latitude,RMSE_Latitude,MAE_Longitude,RMSE_Longitude,Mean_Haversine_Distance,Median_Haversine_Distance
0.02080970748345345,"[[  51.62448559 -115.57448494]
 [  51.62417433 -115.56533453]
 [  51.62427601 -115.55755064]
 ...
 [  51.61586746 -115.75957037]
 [  51.61586638 -115.75957169]
 [  51.6158653  -115.75957306]]","[[  51.645807 -115.472888]
 [  51.645833 -115.472906]
 [  51.645778 -115.472971]
 ...
 [  51.644949 -115.564538]
 [  51.640697 -115.570173]
 [  51.621556 -115.559339]]","{'lr': 0.0001, 'nodes': 128, 'layers': 3}",0.07631826590844401,0.11077046232088716,0.1570774777334227,0.17131643133139274,15.56945498100654,15.172460659177315
