mse,predictions,actual,best_params,MAE_Latitude,RMSE_Latitude,MAE_Longitude,RMSE_Longitude,Mean_Haversine_Distance,Median_Haversine_Distance
0.026358346311106805,"[[  51.16976523 -115.71136908]
 [  51.16992092 -115.71156988]
 [  51.1703065  -115.71232318]
 ...
 [  51.18403111 -115.90063129]
 [  51.1840296  -115.9006416 ]
 [  51.18402808 -115.90065178]]","[[  51.224965  -115.7855097]
 [  51.2259767 -115.7855211]
 [  51.2259594 -115.7857789]
 ...
 [  51.1339683 -115.686495 ]
 [  51.1341239 -115.6862997]
 [  51.1372492 -115.6798625]]","{'lr': 0.0001, 'nodes': 128, 'layers': 3}",0.08495463442529494,0.09993168175222893,0.18611240311195126,0.20671321100593656,16.691008793362307,16.647517577014497
