mse,predictions,actual,best_params,MAE_Latitude,RMSE_Latitude,MAE_Longitude,RMSE_Longitude,Mean_Haversine_Distance,Median_Haversine_Distance
0.037313937125761504,"[[  51.55959387 -116.09644851]
 [  51.55961556 -116.09599118]
 [  51.5598752  -116.09464196]
 ...
 [  51.65162068 -115.9140872 ]
 [  51.65162068 -115.9140872 ]
 [  51.65162068 -115.9140872 ]]","[[  51.5496203 -116.1598492]
 [  51.5503628 -116.1557106]
 [  51.5502456 -116.1557822]
 ...
 [  51.6609867 -115.7866658]
 [  51.6690133 -115.7679517]
 [  51.6689381 -115.7678328]]","{'lr': 0.0001, 'nodes': 128, 'layers': 3}",0.07691146899185326,0.09026495799335527,0.22970642142629472,0.2578373743466622,18.981330852448767,17.818667561028306
