mse,predictions,actual,best_params,MAE_Latitude,RMSE_Latitude,MAE_Longitude,RMSE_Longitude,Mean_Haversine_Distance,Median_Haversine_Distance
0.020800660779754628,"[[  51.63801415 -115.52527993]
 [  51.63816589 -115.52532851]
 [  51.63821329 -115.52570956]
 [  51.63817857 -115.52636202]
 [  51.63806751 -115.52727004]
 [  51.63790472 -115.52831786]
 [  51.63770914 -115.52944705]
 [  51.63748451 -115.53063169]
 [  51.63724424 -115.53182919]
 [  51.63699179 -115.53300637]
 [  51.6367471  -115.53408511]
 [  51.63650415 -115.53508118]
 [  51.63626326 -115.53600318]
 [  51.63603883 -115.53684186]
 [  51.6358157  -115.53758827]
 [  51.63561273 -115.53830522]]","[[  51.7457811 -115.3851939]
 [  51.7385081 -115.3993458]
 [  51.7118861 -115.3799564]
 [  51.7117653 -115.3793461]
 [  51.7086225 -115.3725219]
 [  51.7086119 -115.3723942]
 [  51.7147928 -115.3853028]
 [  51.7125603 -115.3812831]
 [  51.7107703 -115.3801153]
 [  51.6957728 -115.3217844]
 [  51.6772731 -115.3005525]
 [  51.6777728 -115.3008825]
 [  51.6625753 -115.3026642]
 [  51.6638328 -115.3006606]
 [  51.6639925 -115.2738619]
 [  51.6637267 -115.2741258]]","{'lr': 0.0001, 'nodes': 128, 'layers': 3}",0.06083055090247891,0.0658296297062675,0.1869434777036334,0.19304865037664717,15.071089521031942,14.764179490339167
