mse,predictions,actual,best_params,MAE_Latitude,RMSE_Latitude,MAE_Longitude,RMSE_Longitude,Mean_Haversine_Distance,Median_Haversine_Distance
0.0156398844485147,"[[  51.74316828 -115.61160962]
 [  51.74349922 -115.61264536]
 [  51.74374781 -115.61390103]
 ...
 [  51.71126843 -115.69612356]
 [  51.71125635 -115.69611703]
 [  51.7112445  -115.69611064]]","[[  51.7379186 -115.6187992]
 [  51.7377786 -115.6189464]
 [  51.7379292 -115.6194158]
 ...
 [  51.7481528 -115.6983978]
 [  51.7475714 -115.6995072]
 [  51.7518994 -115.6979919]]","{'lr': 0.0001, 'nodes': 128, 'layers': 3}",0.058044000175741996,0.07914014497980533,0.1421864196469364,0.1581663881790465,12.397011442945738,10.953617963960742
