mse,predictions,actual,best_params,MAE_Latitude,RMSE_Latitude,MAE_Longitude,RMSE_Longitude,Mean_Haversine_Distance,Median_Haversine_Distance
0.008277573445361022,"[[  51.7416213  -115.65424173]
 [  51.74129466 -115.65237883]
 [  51.74137405 -115.65124189]
 ...
 [  51.79091564 -115.66103242]
 [  51.79091564 -115.66103242]
 [  51.79091564 -115.66103242]]","[[  51.7350386 -115.6605586]
 [  51.7368622 -115.6621897]
 [  51.7413983 -115.6620075]
 ...
 [  51.7872953 -115.6356628]
 [  51.7875069 -115.6354481]
 [  51.7874036 -115.6357314]]","{'lr': 0.0001, 'nodes': 128, 'layers': 3}",0.05112405648002503,0.05545196352916722,0.09037015680411783,0.11610437817533827,8.913339454035507,7.094664018230995
