mse,predictions,actual,best_params,MAE_Latitude,RMSE_Latitude,MAE_Longitude,RMSE_Longitude,Mean_Haversine_Distance,Median_Haversine_Distance
0.014382309687999497,"[[  51.79026186 -115.64847411]
 [  51.79080242 -115.65025985]
 [  51.79080849 -115.65059617]
 ...
 [  51.73839113 -115.599571  ]
 [  51.73839114 -115.599571  ]
 [  51.73839113 -115.599571  ]]","[[  51.8020769 -115.6531203]
 [  51.7748147 -115.6291528]
 [  51.7243781 -115.5950567]
 ...
 [  51.7874111 -115.6359331]
 [  51.7873542 -115.635665 ]
 [  51.7875292 -115.6354694]]","{'lr': 0.0001, 'nodes': 128, 'layers': 3}",0.04509739746970021,0.06447546976420752,0.10116002349848166,0.1568678844591326,8.955200207227826,4.727180608062544
