mse,predictions,actual,best_params,MAE_Latitude,RMSE_Latitude,MAE_Longitude,RMSE_Longitude,Mean_Haversine_Distance,Median_Haversine_Distance
0.013376757921549343,"[[  51.59914336 -115.62524761]
 [  51.59911953 -115.62536767]
 [  51.5991559  -115.62533966]
 ...
 [  51.53870405 -115.6315413 ]
 [  51.53874078 -115.63153153]
 [  51.53877742 -115.63152183]]","[[  51.5994453 -115.6267678]
 [  51.5993436 -115.6272653]
 [  51.5994044 -115.6272939]
 ...
 [  51.5446164 -115.7317386]
 [  51.5446539 -115.7319833]
 [  51.5436356 -115.7267492]]","{'lr': 0.0001, 'nodes': 128, 'layers': 3}",0.09486727948621587,0.11870453046061384,0.08453343992473211,0.11252888647464651,13.038694590314611,11.774121227147175
