mse,predictions,actual,best_params,MAE_Latitude,RMSE_Latitude,MAE_Longitude,RMSE_Longitude,Mean_Haversine_Distance,Median_Haversine_Distance
8074.971072111618,"[[  51.624725 -115.4721  ]
 [  51.624634 -115.47188 ]
 [  51.62326  -115.471176]
 ...
 [  51.606205 -115.49265 ]
 [  51.606205 -115.49265 ]
 [  51.606205 -115.49265 ]]","[[  51.640209 -115.467707]
 [  51.645859 -115.473146]
 [  51.645759 -115.472949]
 ...
 [  51.644949 -115.564538]
 [  51.640697 -115.570173]
 [  51.621556 -115.559339]]","{'lr': 0.001, 'nodes': 128, 'layers': 3}",0.07796396187861854,0.10361563793694742,0.08146579325759286,0.09838978267953587,10.987598266292396,7.278088609091887
