mse,predictions,actual,best_params,MAE_Latitude,RMSE_Latitude,MAE_Longitude,RMSE_Longitude,Mean_Haversine_Distance,Median_Haversine_Distance
8013.184453467504,"[[  51.171833 -115.702614]
 [  51.171078 -115.69586 ]
 [  51.16839  -115.689735]
 ...
 [  51.223522 -115.44001 ]
 [  51.223522 -115.44001 ]
 [  51.223522 -115.44001 ]]","[[  51.224965  -115.7855097]
 [  51.2259767 -115.7855211]
 [  51.2259594 -115.7857789]
 ...
 [  51.1339683 -115.686495 ]
 [  51.1341239 -115.6862997]
 [  51.1372492 -115.6798625]]","{'lr': 0.001, 'nodes': 128, 'layers': 3}",0.1012710803501091,0.11893427035285109,0.4086150227207659,0.4490284299490005,31.9062649316719,28.669192909069345
