mse,predictions,actual,best_params,MAE_Latitude,RMSE_Latitude,MAE_Longitude,RMSE_Longitude,Mean_Haversine_Distance,Median_Haversine_Distance
8065.398769273586,"[[  51.65491  -115.895584]
 [  51.654533 -115.892876]
 [  51.653152 -115.89135 ]
 ...
 [  51.658905 -115.713776]
 [  51.658905 -115.713776]
 [  51.6589   -115.713776]]","[[  51.6680086 -115.8855778]
 [  51.6679531 -115.8588436]
 [  51.6631911 -115.8383003]
 ...
 [  51.6238025 -115.9308264]
 [  51.6344733 -115.9328094]
 [  51.6242111 -115.9314692]]","{'lr': 0.0001, 'nodes': 256, 'layers': 5}",0.040985115923918854,0.059268738342649,0.23848312669188979,0.3230753419655007,17.755304620174325,8.684335989172824
