mse,predictions,actual,best_params,MAE_Latitude,RMSE_Latitude,MAE_Longitude,RMSE_Longitude,Mean_Haversine_Distance,Median_Haversine_Distance
8047.697604036126,"[[  51.733334 -115.35912 ]
 [  51.731865 -115.35282 ]
 [  51.72746  -115.341736]
 [  51.72361  -115.33176 ]
 [  51.723335 -115.337654]
 [  51.715485 -115.344505]
 [  51.704903 -115.34621 ]
 [  51.703995 -115.3426  ]
 [  51.709827 -115.3412  ]
 [  51.71015  -115.335815]
 [  51.70599  -115.3325  ]
 [  51.70737  -115.33929 ]
 [  51.711853 -115.33287 ]
 [  51.71349  -115.33201 ]
 [  51.712234 -115.3448  ]
 [  51.713226 -115.348145]]","[[  51.7457811 -115.3851939]
 [  51.7385081 -115.3993458]
 [  51.7118861 -115.3799564]
 [  51.7117653 -115.3793461]
 [  51.7086225 -115.3725219]
 [  51.7086119 -115.3723942]
 [  51.7147928 -115.3853028]
 [  51.7125603 -115.3812831]
 [  51.7107703 -115.3801153]
 [  51.6957728 -115.3217844]
 [  51.6772731 -115.3005525]
 [  51.6777728 -115.3008825]
 [  51.6625753 -115.3026642]
 [  51.6638328 -115.3006606]
 [  51.6639925 -115.2738619]
 [  51.6637267 -115.2741258]]","{'lr': 0.001, 'nodes': 64, 'layers': 7}",0.02230386668090789,0.028058737251454795,0.039296866601563174,0.041983122590791074,3.885162695867885,3.2195647424993035
