mse,predictions,actual,best_params,MAE_Latitude,RMSE_Latitude,MAE_Longitude,RMSE_Longitude,Mean_Haversine_Distance,Median_Haversine_Distance
8092.609372639512,"[[  51.72666  -115.64413 ]
 [  51.726105 -115.64176 ]
 [  51.726597 -115.64222 ]
 ...
 [  51.6865   -115.60896 ]
 [  51.6865   -115.60896 ]
 [  51.6865   -115.60896 ]]","[[  51.7350386 -115.6605586]
 [  51.7368622 -115.6621897]
 [  51.7413983 -115.6620075]
 ...
 [  51.7872953 -115.6356628]
 [  51.7875069 -115.6354481]
 [  51.7874036 -115.6357314]]","{'lr': 0.001, 'nodes': 256, 'layers': 7}",0.05623740261384156,0.0628845630084386,0.05763414982218529,0.09966347421821897,8.211294681315987,6.3134962993243455
