mse,predictions,actual,best_params,MAE_Latitude,RMSE_Latitude,MAE_Longitude,RMSE_Longitude,Mean_Haversine_Distance,Median_Haversine_Distance
0.030594364175736407,"[[  51.16887151 -115.70787264]
 [  51.16949919 -115.70895966]
 [  51.17039396 -115.71060371]
 ...
 [  51.20032595 -115.98137088]
 [  51.20032114 -115.98138537]
 [  51.20031636 -115.98139977]]","[[  51.224965  -115.7855097]
 [  51.2259767 -115.7855211]
 [  51.2259594 -115.7857789]
 ...
 [  51.1339683 -115.686495 ]
 [  51.1341239 -115.6862997]
 [  51.1372492 -115.6798625]]","{'lr': 0.0001, 'nodes': 128, 'layers': 3}",0.09243995639148404,0.10848072402031936,0.19093207949622426,0.2223075816689573,17.820309880041336,17.00353453215756
