mse,predictions,actual,best_params,MAE_Latitude,RMSE_Latitude,MAE_Longitude,RMSE_Longitude,Mean_Haversine_Distance,Median_Haversine_Distance
0.023199199962049066,"[[  51.73605615 -115.59562266]
 [  51.73627664 -115.59621346]
 [  51.73635043 -115.59678747]
 ...
 [  51.71411336 -115.55236463]
 [  51.71413594 -115.55235312]
 [  51.71415853 -115.55234167]]","[[  51.7379186 -115.6187992]
 [  51.7377786 -115.6189464]
 [  51.7379292 -115.6194158]
 ...
 [  51.7481528 -115.6983978]
 [  51.7475714 -115.6995072]
 [  51.7518994 -115.6979919]]","{'lr': 0.0001, 'nodes': 128, 'layers': 3}",0.06895937015431752,0.08752963575004746,0.13246160989949216,0.19681707951690114,12.417525804102,5.850092559423204
