mse,predictions,actual,best_params,MAE_Latitude,RMSE_Latitude,MAE_Longitude,RMSE_Longitude,Mean_Haversine_Distance,Median_Haversine_Distance
8045.701278979483,"[[  51.78583  -115.49715 ]
 [  51.789337 -115.4999  ]
 [  51.791332 -115.500046]
 ...
 [  51.756714 -115.55487 ]
 [  51.756714 -115.55487 ]
 [  51.756714 -115.55487 ]]","[[  51.794591 -115.487984]
 [  51.794501 -115.488023]
 [  51.794678 -115.488149]
 ...
 [  51.784426 -115.421682]
 [  51.784366 -115.421699]
 [  51.784414 -115.421589]]","{'lr': 0.001, 'nodes': 32, 'layers': 5}",0.049742511862518705,0.06439338508738814,0.1776396865383468,0.2097634781855661,13.728274385150625,12.913814571762476
