mse,predictions,actual,best_params,MAE_Latitude,RMSE_Latitude,MAE_Longitude,RMSE_Longitude,Mean_Haversine_Distance,Median_Haversine_Distance
8029.0851303791915,"[[  51.73538  -115.61838 ]
 [  51.740673 -115.61755 ]
 [  51.73832  -115.61772 ]
 ...
 [  51.71052  -115.63131 ]
 [  51.710518 -115.63132 ]
 [  51.710514 -115.63132 ]]","[[  51.7379186 -115.6187992]
 [  51.7377786 -115.6189464]
 [  51.7379292 -115.6194158]
 ...
 [  51.7481528 -115.6983978]
 [  51.7475714 -115.6995072]
 [  51.7518994 -115.6979919]]","{'lr': 0.0001, 'nodes': 256, 'layers': 3}",0.06511681801757814,0.08475892402574187,0.12314753228860725,0.16483719032178393,11.397451667379807,7.846797734012599
