mse,predictions,actual,best_params,MAE_Latitude,RMSE_Latitude,MAE_Longitude,RMSE_Longitude,Mean_Haversine_Distance,Median_Haversine_Distance
8027.932509336414,"[[  51.536663 -116.153305]
 [  51.53588  -116.14971 ]
 [  51.535343 -116.146095]
 ...
 [  51.65468  -115.22726 ]
 [  51.656048 -115.22299 ]
 [  51.65738  -115.21895 ]]","[[  51.5496203 -116.1598492]
 [  51.5503628 -116.1557106]
 [  51.5502456 -116.1557822]
 ...
 [  51.6609867 -115.7866658]
 [  51.6690133 -115.7679517]
 [  51.6689381 -115.7678328]]","{'lr': 0.001, 'nodes': 256, 'layers': 3}",0.07882817363322771,0.09875852022993448,0.5126972412248886,0.6000996153368718,37.598364324008884,35.833374609817625
