mse,predictions,actual,best_params,MAE_Latitude,RMSE_Latitude,MAE_Longitude,RMSE_Longitude,Mean_Haversine_Distance,Median_Haversine_Distance
8022.220527696618,"[[  51.790993 -115.42096 ]
 [  51.78769  -115.41622 ]
 [  51.782745 -115.41334 ]
 ...
 [  51.712364 -115.40929 ]
 [  51.712364 -115.40929 ]
 [  51.712364 -115.40929 ]]","[[  51.894794 -115.458582]
 [  51.895223 -115.458453]
 [  51.895111 -115.458526]
 ...
 [  51.891727 -115.460463]
 [  51.941368 -115.403011]
 [  51.942048 -115.403079]]","{'lr': 0.001, 'nodes': 128, 'layers': 3}",0.0701477802872944,0.09504865029297145,0.04466701858108149,0.06012059329636892,9.253309870389621,8.360454639808138
