mse,predictions,actual,best_params,MAE_Latitude,RMSE_Latitude,MAE_Longitude,RMSE_Longitude,Mean_Haversine_Distance,Median_Haversine_Distance
8098.555213425637,"[[  50.960083 -115.26133 ]
 [  51.005733 -115.29063 ]
 [  51.027336 -115.33709 ]
 ...
 [  51.221344 -115.70578 ]
 [  51.221344 -115.70578 ]
 [  51.221344 -115.70578 ]]","[[  50.9091091 -115.132061 ]
 [  50.9091147 -115.132061 ]
 [  50.9090846 -115.1320316]
 ...
 [  50.6466641 -115.0645022]
 [  50.6502302 -115.0668792]
 [  50.6502526 -115.0669277]]","{'lr': 0.001, 'nodes': 32, 'layers': 3}",0.5060935997699323,0.5125781649424932,0.6067511901595759,0.6093172430841896,70.67824844128691,72.53136861231044
