mse,predictions,actual,best_params,MAE_Latitude,RMSE_Latitude,MAE_Longitude,RMSE_Longitude,Mean_Haversine_Distance,Median_Haversine_Distance
8050.483777552054,"[[  51.60948  -115.64469 ]
 [  51.61119  -115.6518  ]
 [  51.61017  -115.657036]
 ...
 [  51.597908 -115.67628 ]
 [  51.597908 -115.67628 ]
 [  51.597908 -115.67628 ]]","[[  51.5996128 -115.6271039]
 [  51.5997283 -115.6272664]
 [  51.59967   -115.6273697]
 ...
 [  51.5446164 -115.7317386]
 [  51.5446539 -115.7319833]
 [  51.5436356 -115.7267492]]","{'lr': 0.001, 'nodes': 256, 'layers': 7}",0.07163545895839407,0.10842568626505757,0.08555918450835752,0.1065572098433097,11.206554044668817,10.96006685080145
