mse,predictions,actual,best_params,MAE_Latitude,RMSE_Latitude,MAE_Longitude,RMSE_Longitude,Mean_Haversine_Distance,Median_Haversine_Distance
8017.700652214888,"[[  51.212746 -115.77984 ]
 [  51.209244 -115.77261 ]
 [  51.206432 -115.765526]
 ...
 [  51.222126 -115.479614]
 [  51.222126 -115.479614]
 [  51.222126 -115.479614]]","[[  51.2246917 -115.7919414]
 [  51.2415753 -115.8489625]
 [  51.2521883 -115.8675631]
 ...
 [  51.1339683 -115.686495 ]
 [  51.1341239 -115.6862997]
 [  51.1372492 -115.6798625]]","{'lr': 0.001, 'nodes': 256, 'layers': 3}",0.10067665203241087,0.11829649522574102,0.36953914905621754,0.41350658780908384,29.530173430917444,27.252380013024855
