mse,predictions,actual,best_params,MAE_Latitude,RMSE_Latitude,MAE_Longitude,RMSE_Longitude,Mean_Haversine_Distance,Median_Haversine_Distance
8076.3060544305445,"[[  51.674213 -115.82983 ]
 [  51.67791  -115.83306 ]
 [  51.679436 -115.842415]
 ...
 [  51.640835 -116.204834]
 [  51.63995  -116.204544]
 [  51.63906  -116.20421 ]]","[[  51.66219   -115.8335433]
 [  51.6624008 -115.8315814]
 [  51.6688142 -115.8048636]
 ...
 [  51.6238025 -115.9308264]
 [  51.6344733 -115.9328094]
 [  51.6242111 -115.9314692]]","{'lr': 0.001, 'nodes': 64, 'layers': 7}",0.235674708731668,0.2801408601053216,0.3819713907382656,0.4283103448299134,38.833825144464186,36.486309741902524
