mse,predictions,actual,best_params,MAE_Latitude,RMSE_Latitude,MAE_Longitude,RMSE_Longitude,Mean_Haversine_Distance,Median_Haversine_Distance
8060.194369965329,"[[  51.750698 -115.636795]
 [  51.754402 -115.64449 ]
 [  51.756252 -115.644485]
 ...
 [  51.861153 -115.91061 ]
 [  51.86106  -115.891304]
 [  51.860714 -115.87175 ]]","[[  51.7381394 -115.6188856]
 [  51.7370992 -115.6124781]
 [  51.7366097 -115.6111631]
 ...
 [  51.7481528 -115.6983978]
 [  51.7475714 -115.6995072]
 [  51.7518994 -115.6979919]]","{'lr': 0.001, 'nodes': 256, 'layers': 3}",0.07428554278124366,0.08893267062637994,0.2061351235768954,0.24871673860024454,16.925455510907945,14.515091555272072
