mse,predictions,actual,best_params,MAE_Latitude,RMSE_Latitude,MAE_Longitude,RMSE_Longitude,Mean_Haversine_Distance,Median_Haversine_Distance
8097.54706973676,"[[  51.73837  -115.67392 ]
 [  51.7391   -115.676445]
 [  51.73923  -115.68104 ]
 ...
 [  51.723717 -115.62984 ]
 [  51.723713 -115.62986 ]
 [  51.723713 -115.62987 ]]","[[  51.7466539 -115.6784744]
 [  51.7520139 -115.6917717]
 [  51.7558433 -115.7007667]
 ...
 [  51.7872953 -115.6356628]
 [  51.7875069 -115.6354481]
 [  51.7874036 -115.6357314]]","{'lr': 0.0001, 'nodes': 256, 'layers': 5}",0.023932226604437577,0.03523248074967784,0.0663399698087744,0.10250360461909924,5.702581370375269,3.7109390019111164
