mse,predictions,actual,best_params,MAE_Latitude,RMSE_Latitude,MAE_Longitude,RMSE_Longitude,Mean_Haversine_Distance,Median_Haversine_Distance
8058.956810588103,"[[  51.628067 -115.493095]
 [  51.629505 -115.49431 ]
 [  51.63302  -115.493835]
 ...
 [  51.720448 -115.27544 ]
 [  51.720448 -115.27542 ]
 [  51.72045  -115.27542 ]]","[[  51.645807 -115.472888]
 [  51.645833 -115.472906]
 [  51.645778 -115.472971]
 ...
 [  51.644949 -115.564538]
 [  51.640697 -115.570173]
 [  51.621556 -115.559339]]","{'lr': 0.001, 'nodes': 256, 'layers': 3}",0.1354618177954632,0.17118070314212253,0.2613811970347534,0.27455850173060226,24.52730023533556,20.924896794157537
