mse,predictions,actual,best_params,MAE_Latitude,RMSE_Latitude,MAE_Longitude,RMSE_Longitude,Mean_Haversine_Distance,Median_Haversine_Distance
8064.336464783173,"[[  51.799778 -115.65442 ]
 [  51.796593 -115.64784 ]
 [  51.793858 -115.64215 ]
 ...
 [  51.651085 -115.514465]
 [  51.652332 -115.512825]
 [  51.653732 -115.51157 ]]","[[  51.8020769 -115.6531203]
 [  51.7748147 -115.6291528]
 [  51.7243781 -115.5950567]
 ...
 [  51.7874111 -115.6359331]
 [  51.7873542 -115.635665 ]
 [  51.7875292 -115.6354694]]","{'lr': 0.001, 'nodes': 128, 'layers': 5}",0.08630977644178166,0.10408521583709483,0.12696311263519183,0.18698900864427156,13.70334370368827,10.454849021335386
