mse,predictions,actual,best_params,MAE_Latitude,RMSE_Latitude,MAE_Longitude,RMSE_Longitude,Mean_Haversine_Distance,Median_Haversine_Distance
8055.5336203186225,"[[  51.599556 -115.6309  ]
 [  51.598324 -115.63475 ]
 [  51.59713  -115.63875 ]
 ...
 [  51.515175 -115.83218 ]
 [  51.514046 -115.83239 ]
 [  51.512955 -115.83257 ]]","[[  51.5994453 -115.6267678]
 [  51.5993436 -115.6272653]
 [  51.5994044 -115.6272939]
 ...
 [  51.5446164 -115.7317386]
 [  51.5446539 -115.7319833]
 [  51.5436356 -115.7267492]]","{'lr': 0.001, 'nodes': 128, 'layers': 3}",0.12258503276199777,0.14535743636756912,0.18263547919722728,0.20422379499268253,19.47398481301054,18.507039924364793
