mse,predictions,actual,best_params,MAE_Latitude,RMSE_Latitude,MAE_Longitude,RMSE_Longitude,Mean_Haversine_Distance,Median_Haversine_Distance
8068.059684117963,"[[  51.54324  -116.13944 ]
 [  51.54727  -116.12923 ]
 [  51.55093  -116.116325]
 ...
 [  51.662777 -115.93959 ]
 [  51.662777 -115.93959 ]
 [  51.662777 -115.93959 ]]","[[  51.5496203 -116.1598492]
 [  51.5503628 -116.1557106]
 [  51.5502456 -116.1557822]
 ...
 [  51.6609867 -115.7866658]
 [  51.6690133 -115.7679517]
 [  51.6689381 -115.7678328]]","{'lr': 0.0001, 'nodes': 256, 'layers': 3}",0.08717828244338255,0.10176279039197393,0.2256962375958294,0.2511164905579811,19.56400309688753,19.05511858594567
