mse,predictions,actual,best_params,MAE_Latitude,RMSE_Latitude,MAE_Longitude,RMSE_Longitude,Mean_Haversine_Distance,Median_Haversine_Distance
8000.412620472654,"[[  51.173027 -115.70916 ]
 [  51.172825 -115.70832 ]
 [  51.17013  -115.70365 ]
 ...
 [  51.281693 -115.24009 ]
 [  51.281704 -115.24006 ]
 [  51.28171  -115.24002 ]]","[[  51.224965  -115.7855097]
 [  51.2259767 -115.7855211]
 [  51.2259594 -115.7857789]
 ...
 [  51.1339683 -115.686495 ]
 [  51.1341239 -115.6862997]
 [  51.1372492 -115.6798625]]","{'lr': 0.0001, 'nodes': 256, 'layers': 3}",0.12949874042180978,0.15052235637731623,0.5344621083472327,0.568168333030996,41.06599112018986,37.93973634127907
