mse,predictions,actual,best_params,MAE_Latitude,RMSE_Latitude,MAE_Longitude,RMSE_Longitude,Mean_Haversine_Distance,Median_Haversine_Distance
8010.241147521602,"[[  51.159782 -115.6802  ]
 [  51.161148 -115.67773 ]
 [  51.160995 -115.6763  ]
 ...
 [  51.29517  -115.26793 ]
 [  51.295265 -115.26763 ]
 [  51.29536  -115.26734 ]]","[[  51.1686978 -115.6993069]
 [  51.1806189 -115.7244514]
 [  51.1997536 -115.7527278]
 ...
 [  51.1339683 -115.686495 ]
 [  51.1341239 -115.6862997]
 [  51.1372492 -115.6798625]]","{'lr': 0.001, 'nodes': 64, 'layers': 3}",0.124304356781699,0.14542260457847841,0.4463508261856715,0.4834417497759788,35.31937743508981,34.22511578372999
