mse,predictions,actual,best_params,MAE_Latitude,RMSE_Latitude,MAE_Longitude,RMSE_Longitude,Mean_Haversine_Distance,Median_Haversine_Distance
8064.4651446508515,"[[  51.54065  -116.14924 ]
 [  51.544212 -116.13652 ]
 [  51.550495 -116.122765]
 ...
 [  51.712624 -115.882385]
 [  51.712624 -115.882385]
 [  51.712624 -115.882385]]","[[  51.5374161 -116.1623417]
 [  51.5370017 -116.15876  ]
 [  51.5511492 -116.1577894]
 ...
 [  51.6609867 -115.7866658]
 [  51.6690133 -115.7679517]
 [  51.6689381 -115.7678328]]","{'lr': 0.001, 'nodes': 32, 'layers': 3}",0.1239660794412112,0.13823064819164305,0.2603211491399311,0.29024044873355687,23.700613821474153,24.359279481720495
