mse,predictions,actual,best_params,MAE_Latitude,RMSE_Latitude,MAE_Longitude,RMSE_Longitude,Mean_Haversine_Distance,Median_Haversine_Distance
8017.483641237075,"[[  51.78799  -115.41939 ]
 [  51.789192 -115.417625]
 [  51.790684 -115.41586 ]
 ...
 [  51.74365  -115.35078 ]
 [  51.74365  -115.35078 ]
 [  51.74365  -115.35078 ]]","[[  51.786586 -115.421036]
 [  51.797948 -115.43266 ]
 [  51.870254 -115.437983]
 ...
 [  51.891727 -115.460463]
 [  51.941368 -115.403011]
 [  51.942048 -115.403079]]","{'lr': 0.0001, 'nodes': 256, 'layers': 3}",0.06075155015989103,0.07569901630365561,0.06273811879429327,0.07372881844059408,8.372642428016519,6.6780203544304975
