mse,predictions,actual,best_params,MAE_Latitude,RMSE_Latitude,MAE_Longitude,RMSE_Longitude,Mean_Haversine_Distance,Median_Haversine_Distance
8133.358579267895,"[[  51.665344 -115.91714 ]
 [  51.669876 -115.926765]
 [  51.674747 -115.939026]
 ...
 [  51.60772  -116.35529 ]
 [  51.60772  -116.35529 ]
 [  51.60772  -116.35529 ]]","[[  51.6592317 -115.9064914]
 [  51.6561111 -115.9091156]
 [  51.65632   -115.9085464]
 ...
 [  51.6238025 -115.9308264]
 [  51.6344733 -115.9328094]
 [  51.6242111 -115.9314692]]","{'lr': 0.001, 'nodes': 128, 'layers': 3}",0.05676957405451843,0.06684783672532425,0.37438576281231234,0.42822687836830586,26.973566390014568,33.62351168623024
