mse,predictions,actual,best_params,MAE_Latitude,RMSE_Latitude,MAE_Longitude,RMSE_Longitude,Mean_Haversine_Distance,Median_Haversine_Distance
8054.644484906234,"[[  51.724426 -115.33145 ]
 [  51.733482 -115.33553 ]
 [  51.72931  -115.3544  ]
 [  51.752865 -115.368866]
 [  51.749104 -115.36897 ]
 [  51.742214 -115.36734 ]
 [  51.717873 -115.32896 ]
 [  51.688538 -115.359886]
 [  51.679916 -115.34753 ]
 [  51.680946 -115.337395]
 [  51.648903 -115.372475]
 [  51.638306 -115.353035]]","[[  51.7086225 -115.3725219]
 [  51.7086119 -115.3723942]
 [  51.7147928 -115.3853028]
 [  51.7125603 -115.3812831]
 [  51.7107703 -115.3801153]
 [  51.6957728 -115.3217844]
 [  51.6772731 -115.3005525]
 [  51.6777728 -115.3008825]
 [  51.6625753 -115.3026642]
 [  51.6638328 -115.3006606]
 [  51.6639925 -115.2738619]
 [  51.6637267 -115.2741258]]","{'lr': 0.001, 'nodes': 128, 'layers': 3}",0.025549940930176263,0.028227399069094473,0.04370626929524709,0.04996291591703816,4.483996143048203,4.285636987653291
