mse,predictions,actual,best_params,MAE_Latitude,RMSE_Latitude,MAE_Longitude,RMSE_Longitude,Mean_Haversine_Distance,Median_Haversine_Distance
7982.543133989312,"[[  51.889336 -115.45357 ]
 [  51.87761  -115.44878 ]
 [  51.865925 -115.43877 ]
 ...
 [  51.649433 -114.90236 ]
 [  51.649437 -114.90213 ]
 [  51.649445 -114.90189 ]]","[[  51.895329 -115.451533]
 [  51.895561 -115.451752]
 [  51.902271 -115.477791]
 ...
 [  51.891727 -115.460463]
 [  51.941368 -115.403011]
 [  51.942048 -115.403079]]","{'lr': 0.001, 'nodes': 256, 'layers': 3}",0.12675439141613512,0.145284669216753,0.31579008325792357,0.349740859146261,27.26523279861915,27.86086248107191
