mse,predictions,actual,best_params,MAE_Latitude,RMSE_Latitude,MAE_Longitude,RMSE_Longitude,Mean_Haversine_Distance,Median_Haversine_Distance
8192.84426189805,"[[  51.16701  -115.2931  ]
 [  51.16671  -115.30296 ]
 [  51.177593 -115.315605]
 ...
 [  51.57075  -116.403625]
 [  51.57075  -116.403625]
 [  51.57075  -116.403625]]","[[  50.8992674 -115.1304777]
 [  50.8974917 -115.1325862]
 [  50.8974772 -115.1325384]
 ...
 [  50.6466641 -115.0645022]
 [  50.6502302 -115.0668792]
 [  50.6502526 -115.0669277]]","{'lr': 0.001, 'nodes': 64, 'layers': 5}",0.846086228038128,0.8544346864429819,1.2642378458760986,1.2791656050449727,129.1103065688197,133.761650415419
