mse,predictions,actual,best_params,MAE_Latitude,RMSE_Latitude,MAE_Longitude,RMSE_Longitude,Mean_Haversine_Distance,Median_Haversine_Distance
8049.473268906462,"[[  51.597363 -115.62904 ]
 [  51.59624  -115.631256]
 [  51.595207 -115.63369 ]
 ...
 [  51.576153 -115.6774  ]
 [  51.576153 -115.6774  ]
 [  51.576153 -115.6774  ]]","[[  51.5994044 -115.6272939]
 [  51.5996375 -115.6275153]
 [  51.5996128 -115.6271039]
 ...
 [  51.5446164 -115.7317386]
 [  51.5446539 -115.7319833]
 [  51.5436356 -115.7267492]]","{'lr': 0.001, 'nodes': 256, 'layers': 7}",0.07410530957652385,0.1014230815747505,0.08624966694422075,0.10723606417782879,11.0855360021819,11.704122132672405
