mse,predictions,actual,best_params,MAE_Latitude,RMSE_Latitude,MAE_Longitude,RMSE_Longitude,Mean_Haversine_Distance,Median_Haversine_Distance
8048.0617408716935,"[[  51.713036 -115.340515]
 [  51.715054 -115.3327  ]
 [  51.70584  -115.3479  ]
 [  51.70747  -115.34695 ]
 [  51.714817 -115.33189 ]
 [  51.72254  -115.307495]
 [  51.73245  -115.283676]
 [  51.72049  -115.308205]
 [  51.72182  -115.297676]
 [  51.726242 -115.294426]
 [  51.72292  -115.30073 ]
 [  51.72395  -115.30614 ]
 [  51.727184 -115.29484 ]
 [  51.723095 -115.31054 ]]","[[  51.7118861 -115.3799564]
 [  51.7117653 -115.3793461]
 [  51.7086225 -115.3725219]
 [  51.7086119 -115.3723942]
 [  51.7147928 -115.3853028]
 [  51.7125603 -115.3812831]
 [  51.7107703 -115.3801153]
 [  51.6957728 -115.3217844]
 [  51.6772731 -115.3005525]
 [  51.6777728 -115.3008825]
 [  51.6625753 -115.3026642]
 [  51.6638328 -115.3006606]
 [  51.6639925 -115.2738619]
 [  51.6637267 -115.2741258]]","{'lr': 0.001, 'nodes': 64, 'layers': 7}",0.028628550163924262,0.03808698434981155,0.03196517141462404,0.041933249946595696,4.73561478258393,5.080213076281385
