mse,predictions,actual,best_params,MAE_Latitude,RMSE_Latitude,MAE_Longitude,RMSE_Longitude,Mean_Haversine_Distance,Median_Haversine_Distance
8172.280840562801,"[[  51.652172 -115.46609 ]
 [  51.65261  -115.46881 ]
 [  51.65465  -115.46636 ]
 ...
 [  52.37327  -116.24742 ]
 [  52.37446  -116.25129 ]
 [  52.371918 -116.251114]]","[[  51.645778 -115.472971]
 [  51.645507 -115.470309]
 [  51.659372 -115.47507 ]
 ...
 [  51.644949 -115.564538]
 [  51.640697 -115.570173]
 [  51.621556 -115.559339]]","{'lr': 0.001, 'nodes': 64, 'layers': 3}",0.5491878686839916,0.6002444926869143,0.5380966762652757,0.5825284338387098,72.02007683650315,77.56732182807896
