mse,predictions,actual,best_params,MAE_Latitude,RMSE_Latitude,MAE_Longitude,RMSE_Longitude,Mean_Haversine_Distance,Median_Haversine_Distance
8065.582948543277,"[[  51.745644 -115.605934]
 [  51.749157 -115.60271 ]
 [  51.753796 -115.59782 ]
 ...
 [  51.930614 -116.02609 ]
 [  51.930862 -116.01714 ]
 [  51.931503 -116.005516]]","[[  51.7379292 -115.6194158]
 [  51.7377836 -115.6185531]
 [  51.7381394 -115.6188856]
 ...
 [  51.7481528 -115.6983978]
 [  51.7475714 -115.6995072]
 [  51.7518994 -115.6979919]]","{'lr': 0.001, 'nodes': 256, 'layers': 3}",0.17698297280225805,0.19233713762737878,0.22610016856659731,0.2633610184203287,25.785226776184842,28.94302407565892
