mse,predictions,actual,best_params,MAE_Latitude,RMSE_Latitude,MAE_Longitude,RMSE_Longitude,Mean_Haversine_Distance,Median_Haversine_Distance
0.00944036290135055,"[[  51.73425216 -115.62909613]
 [  51.73381206 -115.62815091]
 [  51.73392137 -115.62587052]
 ...
 [  51.7030822  -115.52022452]
 [  51.70308221 -115.52022452]
 [  51.70308221 -115.52022452]]","[[  51.7350386 -115.6605586]
 [  51.7368622 -115.6621897]
 [  51.7413983 -115.6620075]
 ...
 [  51.7872953 -115.6356628]
 [  51.7875069 -115.6354481]
 [  51.7874036 -115.6357314]]","{'lr': 0.0001, 'nodes': 128, 'layers': 3}",0.03889368603204733,0.04677897881593448,0.09613356756476861,0.1291992760956479,8.173035130104028,7.321255936339551
