mse,predictions,actual,best_params,MAE_Latitude,RMSE_Latitude,MAE_Longitude,RMSE_Longitude,Mean_Haversine_Distance,Median_Haversine_Distance
0.02871761915323821,"[[  51.74191466 -115.59495302]
 [  51.7421147  -115.5946096 ]
 [  51.74232826 -115.59309648]
 ...
 [  51.72111421 -115.50306688]
 [  51.72109792 -115.50304259]
 [  51.72108179 -115.50301844]]","[[  51.7379186 -115.6187992]
 [  51.7377786 -115.6189464]
 [  51.7379292 -115.6194158]
 ...
 [  51.7481528 -115.6983978]
 [  51.7475714 -115.6995072]
 [  51.7518994 -115.6979919]]","{'lr': 0.0001, 'nodes': 128, 'layers': 3}",0.05606744931382655,0.07641156572941242,0.1625915074161532,0.22714865381343582,13.320587835067071,6.78678844442885
