mse,predictions,actual,best_params,MAE_Latitude,RMSE_Latitude,MAE_Longitude,RMSE_Longitude,Mean_Haversine_Distance,Median_Haversine_Distance
0.00824043879071409,"[[  51.78868524 -115.41794614]
 [  51.78866199 -115.41721745]
 [  51.78715039 -115.41471361]
 ...
 [  51.70318902 -115.33939934]
 [  51.70318903 -115.33939931]
 [  51.70318903 -115.33939934]]","[[  51.894794 -115.458582]
 [  51.895223 -115.458453]
 [  51.895111 -115.458526]
 ...
 [  51.891727 -115.460463]
 [  51.941368 -115.403011]
 [  51.942048 -115.403079]]","{'lr': 0.0001, 'nodes': 128, 'layers': 3}",0.07462056064990334,0.09886991930310675,0.07166091212671187,0.08188782961115375,10.168224125389138,9.109028518466543
