mse,predictions,actual,best_params,MAE_Latitude,RMSE_Latitude,MAE_Longitude,RMSE_Longitude,Mean_Haversine_Distance,Median_Haversine_Distance
0.020169183598777268,"[[  51.64424456 -115.51122014]
 [  51.64327027 -115.51274099]
 [  51.64205673 -115.51576188]
 [  51.64085078 -115.51945609]
 [  51.63983033 -115.52309748]
 [  51.63902515 -115.52626395]
 [  51.63843301 -115.52884935]
 [  51.638018   -115.5308694 ]
 [  51.63773794 -115.53240702]
 [  51.63755197 -115.53354939]
 [  51.63742528 -115.53438428]
 [  51.6373378  -115.53498995]
 [  51.63727682 -115.53542767]
 [  51.63723275 -115.53574128]
 [  51.63720193 -115.53596575]
 [  51.63718013 -115.53612595]]","[[  51.7457811 -115.3851939]
 [  51.7385081 -115.3993458]
 [  51.7118861 -115.3799564]
 [  51.7117653 -115.3793461]
 [  51.7086225 -115.3725219]
 [  51.7086119 -115.3723942]
 [  51.7147928 -115.3853028]
 [  51.7125603 -115.3812831]
 [  51.7107703 -115.3801153]
 [  51.6957728 -115.3217844]
 [  51.6772731 -115.3005525]
 [  51.6777728 -115.3008825]
 [  51.6625753 -115.3026642]
 [  51.6638328 -115.3006606]
 [  51.6639925 -115.2738619]
 [  51.6637267 -115.2741258]]","{'lr': 0.0001, 'nodes': 128, 'layers': 3}",0.05897318442295241,0.06371971478603271,0.18355369830080193,0.1904682785797708,14.782255629526738,13.760046565483847
