mse,predictions,actual,best_params,MAE_Latitude,RMSE_Latitude,MAE_Longitude,RMSE_Longitude,Mean_Haversine_Distance,Median_Haversine_Distance
0.01217786130772093,"[[  51.78199937 -115.50798589]
 [  51.78395915 -115.50395739]
 [  51.78506247 -115.50122678]
 ...
 [  51.84153128 -115.34911359]
 [  51.84155572 -115.34908373]
 [  51.84158024 -115.34905389]]","[[  51.794591 -115.487984]
 [  51.794501 -115.488023]
 [  51.794678 -115.488149]
 ...
 [  51.784426 -115.421682]
 [  51.784366 -115.421699]
 [  51.784414 -115.421589]]","{'lr': 0.0001, 'nodes': 64, 'layers': 3}",0.1079904896347169,0.12048524354487869,0.06461354904491677,0.09919187821275063,13.353114875549917,11.38876687397582
